,Session Reference,Log Record Identifier,Language,Frequency,Operating Mode,Antenna Mode,Accessory Mode,GPS Mode,RTC Time Updated,spare bit,BT Mode,BT ASCII Format,BLE Mode,BLE ASCII Format,Battery Type,Volume Setting,Tx O/P Setting,Power Mode,Sonde/Line,LR Arrows Type,Depth Units,Tx Status,Compass Enabled,Strike Alert Enabled,Swing Alert Enabled,Side Step Enabled,Auto Timeout Enabled,Spray Wand Enabled,Cal Safe Enabled,Vibration f/back Enabled,Marker Type,Utility type,Utility Owner,RTC Update Info,SM_Log_Event,spare,Rx Ticketing Reference Number,Bargraph 1,Bargraph 2,Bargraph 3,Bargraph 4,Bargraph 5,Bargraph 6,Bargraph 7,Bargraph 8,Bargraph 9,Bargraph 10,Bargraph 11,Bargraph 12,Bargraph 13,Bargraph 14,Bargraph 15,Bargraph 16,Bargraph 17,Bargraph 18,Bargraph 19,Bargraph 20,Bargraph 21,Bargraph 22,Bargraph 23,Bargraph 24,Bargraph 25,Compass Enabled.1,CD Arrows,ACVG/FF Arrows,Compass Enabled.2,CD Arrows.1,ACVG/FF Arrows.1,Compass Enabled.3,CD Arrows.2,ACVG/FF Arrows.2,Compass Enabled.4,CD Arrows.3,ACVG/FF Arrows.3,Compass Enabled.5,CD Arrows.4,ACVG/FF Arrows.4,comp_disp 1,comp_disp 2,comp_disp 3,comp_disp 4,comp_disp 5,Swing Warning,Strike Alert,Overload Warning,F1 audio active,F2 audio active,Power audio active,Radio audio active,spare bit.1,Swing Warning.1,Strike Alert.1,Overload Warning.1,F1 audio active.1,F2 audio active.1,Power audio active.1,Radio audio active.1,spare bit.2,Swing Warning.2,Strike Alert.2,Overload Warning.2,F1 audio active.2,F2 audio active.2,Power audio active.2,Radio audio active.2,spare bit.3,Swing Warning.3,Strike Alert.3,Overload Warning.3,F1 audio active.3,F2 audio active.3,Power audio active.3,Radio audio active.3,spare bit.4,Swing Warning.4,Strike Alert.4,Overload Warning.4,F1 audio active.4,F2 audio active.4,Power audio active.4,Radio audio active.4,spare bit.5,Displayed Signal Strength 1,Displayed Signal Strength 2,Displayed Signal Strength 3,Displayed Signal Strength 4,Displayed Signal Strength 5,Tilt Blade angle 1,Tilt Blade angle 2,Tilt Blade angle 3,Tilt Blade angle 4,Tilt Blade angle 5,Tilt_Paddle angle 1,Tilt_Paddle angle 2,Tilt_Paddle angle 3,Tilt_Paddle angle 4,Tilt_Paddle angle 5,Depth,Current,Gain,F1 Signal Strength,F2 Signal Strength,Powersignal strength,Radio signal strength,Antenna Compass,CD Phase,ACVG/FF Phase,ACVG/FF Signal Strength,Dynamic Overload Protection,Spray Wand,GPS Reference point,spare bits,Magnetic Compass,Key Button Event,Battery Level,Temperature,Main Battery Volts,RTC Battery Volts,Ecert,Self Test,CD Reset,Cal Safe,Peak Detect,PCMx Peak Detect,MRX Peak Detect,spare bit.6,GPS Fix,Number of Sats,Altitude,HDOP,Latitude,Longitude,Rx Date,Rx Time,GPS Heading (in degrees),GPS Ground Speed,,,
0,18,122103,UK,33kHz (32768Hz),Active,Peak,None,Internal,Not updated,0,Off,0,OFF,0,Li-Ion,0,Standby,50Hz,Line,Null,Metric,0,on,off,on,off,on,off,off,on,UNK,Power Transmission,MKP5,0,0,3,021cd537-8254-49e7-b560-d1f7917443fb,4,4,7,9,8,8,7,5,4,3,0,0,0,0,0,0,0,0,0,0,0,0,0,0,0,0,No arrows,No arrows,0,No arrows,No arrows,0,No arrows,No arrows,0,No arrows,No arrows,0,No arrows,No arrows,97,93,92,78,61,Not Active,Not Active,Not Active,Not Active,Not Active,Not Active,Not Active,0,Not Active,Not Active,Not Active,Not Active,Not Active,Not Active,Not Active,0,Not Active,Not Active,Not Active,Not Active,Not Active,Not Active,Not Active,0,Not Active,Not Active,Not Active,Not Active,Not Active,Not Active,Not Active,0,Not Active,Not Active,Not Active,Not Active,Not Active,Not Active,Not Active,0,90,90,0,0,0,-5,-5,-3,-2,1,0,1,4,2,1,0,0,140,0.0431385,0,0,0,93,0,0,0,Not Active,Not Active,Not Active,0,0,0,1,7,173,147,Not Active,Not Active,Not Active,Not Active,Not Active,Not Active,Not Active,0,GPS,12,27,0,51.41937733,-2.583699667,1/17/2023,12:14:25,0,0,,,
1,18,122104,UK,33kHz (32768Hz),Active,Peak,None,Internal,Not updated,0,Off,0,OFF,0,Li-Ion,0,Standby,50Hz,Line,Null,Metric,0,on,off,on,off,on,off,off,on,UNK,Power Transmission,MKP5,0,0,3,021cd537-8254-49e7-b560-d1f7917443fb,11,10,9,9,13,12,11,9,7,14,11,9,7,6,5,4,3,3,4,12,11,9,8,6,5,0,No arrows,No arrows,0,No arrows,No arrows,0,No arrows,No arrows,0,No arrows,No arrows,0,No arrows,No arrows,68,92,116,96,98,Not Active,Not Active,Not Active,Not Active,Not Active,Not Active,Not Active,0,Not Active,Not Active,Not Active,Not Active,Not Active,Not Active,Not Active,0,Not Active,Not Active,Not Active,Not Active,Not Active,Not Active,Not Active,0,Not Active,Not Active,Not Active,Not Active,Not Active,Not Active,Not Active,0,Not Active,Not Active,Not Active,Not Active,Not Active,Not Active,Not Active,0,87,87,134,69,69,-1,-2,-4,-3,1,-1,-3,-1,0,-8,0,0,140,0.0626105,0,0,0,98,0,0,0,Not Active,Not Active,Not Active,0,0,0,1,7,173,147,Not Active,Not Active,Not Active,Not Active,Not Active,Not Active,Not Active,0,GPS,12,37,0,51.419329,-2.583677833,1/17/2023,12:14:26,0,0,,,
2,18,122105,UK,33kHz (32768Hz),Active,Peak,None,Internal,Not updated,0,Off,0,OFF,0,Li-Ion,0,Standby,50Hz,Line,Null,Metric,0,on,off,on,off,on,off,off,on,UNK,Power Transmission,MKP5,0,0,3,021cd537-8254-49e7-b560-d1f7917443fb,4,6,5,6,9,7,5,4,3,4,3,3,3,13,12,9,8,8,6,5,4,3,10,8,7,0,No arrows,No arrows,0,No arrows,No arrows,0,No arrows,No arrows,0,No arrows,No arrows,0,No arrows,No arrows,72,90,105,95,96,Not Active,Not Active,Not Active,Not Active,Not Active,Not Active,Not Active,0,Not Active,Not Active,Not Active,Not Active,Not Active,Not Active,Not Active,0,Not Active,Not Active,Not Active,Not Active,Not Active,Not Active,Not Active,0,Not Active,Not Active,Not Active,Not Active,Not Active,Not Active,Not Active,0,Not Active,Not Active,Not Active,Not Active,Not Active,Not Active,Not Active,0,98,98,69,92,92,-3,-6,-2,0,4,4,0,-7,-8,-2,0,0,140,0.0814775,0,0,0,96,0,0,0,Not Active,Not Active,Not Active,0,0,0,1,7,173,147,Not Active,Not Active,Not Active,Not Active,Not Active,Not Active,Not Active,0,GPS,12,46,0,51.4193295,-2.583672667,1/17/2023,12:14:27,0,0,,,
3,18,122106,UK,33kHz (32768Hz),Active,Peak,None,Internal,Not updated,0,Off,0,OFF,0,Li-Ion,0,Standby,50Hz,Line,Null,Metric,0,on,off,on,off,on,off,off,on,UNK,Power Transmission,MKP5,0,0,3,021cd537-8254-49e7-b560-d1f7917443fb,12,10,9,8,7,5,6,5,4,3,2,13,12,10,8,7,6,6,6,4,3,4,5,6,5,0,No arrows,No arrows,0,No arrows,No arrows,0,No arrows,No arrows,0,No arrows,No arrows,0,No arrows,No arrows,89,92,83,98,91,Not Active,Not Active,Not Active,Not Active,Not Active,Not Active,Not Active,0,Not Active,Not Active,Not Active,Not Active,Not Active,Not Active,Not Active,0,Not Active,Not Active,Not Active,Not Active,Not Active,Not Active,Not Active,0,Not Active,Not Active,Not Active,Not Active,Not Active,Not Active,Not Active,0,Not Active,Not Active,Not Active,Not Active,Not Active,Not Active,Not Active,0,91,91,73,101,101,1,2,-4,-6,0,-10,-8,-8,-16,-1,0,0,140,0.0580518,0,0,0,91,0,0,0,Not Active,Not Active,Not Active,0,0,0,1,7,173,147,Not Active,Not Active,Not Active,Not Active,Not Active,Not Active,Not Active,0,GPS,12,50,0,51.41929667,-2.583645167,1/17/2023,12:14:28,0,0,,,
4,18,122107,UK,33kHz (32768Hz),Active,Peak,None,Internal,Not updated,0,Off,0,OFF,0,Li-Ion,0,Standby,50Hz,Line,Null,Metric,0,on,off,on,off,on,off,off,on,UNK,Power Transmission,MKP5,0,0,3,021cd537-8254-49e7-b560-d1f7917443fb,6,5,5,6,10,8,6,5,9,15,16,13,11,9,11,9,8,6,5,4,4,9,11,9,8,0,No arrows,No arrows,0,No arrows,No arrows,0,No arrows,No arrows,0,No arrows,No arrows,0,No arrows,No arrows,86,121,108,92,101,Not Active,Not Active,Not Active,Not Active,Not Active,Not Active,Not Active,0,Not Active,Not Active,Not Active,Not Active,Not Active,Not Active,Not Active,0,Not Active,Not Active,Not Active,Not Active,Not Active,Not Active,Not Active,0,Not Active,Not Active,Not Active,Not Active,Not Active,Not Active,Not Active,0,Not Active,Not Active,Not Active,Not Active,Not Active,Not Active,Not Active,0,62,62,99,126,126,2,-2,-6,-5,-1,-15,-9,-6,-12,-8,0,0,140,0.0939619,0,0,0,101,0,0,0,Not Active,Not Active,Not Active,0,0,0,1,7,173,147,Not Active,Not Active,Not Active,Not Active,Not Active,Not Active,Not Active,0,GPS,12,50,0,51.41930633,-2.583647333,1/17/2023,12:14:29,0,0,,,
5,18,122108,UK,33kHz (32768Hz),Active,Peak,None,Internal,Not updated,0,Off,0,OFF,0,Li-Ion,0,Standby,50Hz,Line,Null,Metric,0,on,off,on,off,on,off,off,on,UNK,Power Transmission,MKP5,0,0,3,021cd537-8254-49e7-b560-d1f7917443fb,19,18,14,18,20,17,13,11,9,7,21,24,19,15,12,9,8,6,11,12,9,8,7,6,6,0,No arrows,No arrows,0,No arrows,No arrows,0,No arrows,No arrows,0,No arrows,No arrows,0,No arrows,No arrows,108,88,73,92,95,Not Active,Not Active,Not Active,Not Active,Not Active,Not Active,Not Active,0,Not Active,Not Active,Not Active,Not Active,Not Active,Not Active,Not Active,0,Not Active,Not Active,Not Active,Not Active,Not Active,Not Active,Not Active,0,Not Active,Not Active,Not Active,Not Active,Not Active,Not Active,Not Active,0,Not Active,Not Active,Not Active,Not Active,Not Active,Not Active,Not Active,0,119,119,174,175,175,-11,0,-3,2,0,-12,-5,-2,-14,-3,0,0,140,0.0700377,0,0,0,95,0,0,0,Not Active,Not Active,Not Active,0,0,0,1,7,173,147,Not Active,Not Active,Not Active,Not Active,Not Active,Not Active,Not Active,0,GPS,12,51,0,51.4193025,-2.583642667,1/17/2023,12:14:30,0,0,,,
6,18,122109,UK,33kHz (32768Hz),Active,Peak,None,Internal,Not updated,0,Off,0,OFF,0,Li-Ion,0,Standby,50Hz,Line,Null,Metric,0,on,off,on,off,on,off,off,on,UNK,Power Transmission,MKP5,0,0,3,021cd537-8254-49e7-b560-d1f7917443fb,5,4,3,2,14,19,17,13,10,8,6,5,10,9,10,8,12,11,9,9,7,5,4,4,5,0,No arrows,No arrows,0,No arrows,No arrows,0,No arrows,No arrows,0,No arrows,No arrows,0,No arrows,No arrows,87,84,102,104,80,Not Active,Not Active,Not Active,Not Active,Not Active,Not Active,Not Active,0,Not Active,Not Active,Not Active,Not Active,Not Active,Not Active,Not Active,0,Not Active,Not Active,Not Active,Not Active,Not Active,Not Active,Not Active,0,Not Active,Not Active,Not Active,Not Active,Not Active,Not Active,Not Active,0,Not Active,Not Active,Not Active,Not Active,Not Active,Not Active,Not Active,0,96,96,126,110,110,-4,-3,-5,-7,0,-14,-8,-4,-14,-8,0,0,140,0.0687205,0,0,0,80,0,0,0,Not Active,Not Active,Not Active,0,0,0,1,7,173,147,Not Active,Not Active,Not Active,Not Active,Not Active,Not Active,Not Active,0,GPS,12,51,0,51.419294,-2.583629333,1/17/2023,12:14:31,0,0,,,
7,18,122110,UK,33kHz (32768Hz),Active,Peak,None,Internal,Not updated,0,Off,0,OFF,0,Li-Ion,0,Standby,50Hz,Line,Null,Metric,0,on,off,on,off,on,off,off,on,UNK,Power Transmission,MKP5,0,0,3,021cd537-8254-49e7-b560-d1f7917443fb,4,4,4,16,12,10,8,6,5,4,9,7,6,5,4,6,4,3,3,2,2,13,10,9,7,0,No arrows,No arrows,0,No arrows,No arrows,0,No arrows,No arrows,0,No arrows,No arrows,0,No arrows,No arrows,94,107,85,78,99,Not Active,Not Active,Not Active,Not Active,Not Active,Not Active,Not Active,0,Not Active,Not Active,Not Active,Not Active,Not Active,Not Active,Not Active,0,Not Active,Not Active,Not Active,Not Active,Not Active,Not Active,Not Active,0,Not Active,Not Active,Not Active,Not Active,Not Active,Not Active,Not Active,0,Not Active,Not Active,Not Active,Not Active,Not Active,Not Active,Not Active,0,72,104,104,67,67,-5,-2,-3,-2,-2,-13,-9,-1,-17,-10,0,0,140,0.0893696,0,0,0,99,0,0,0,Not Active,Not Active,Not Active,0,0,0,1,7,173,147,Not Active,Not Active,Not Active,Not Active,Not Active,Not Active,Not Active,0,GPS,12,52,0,51.41928883,-2.583620333,1/17/2023,12:14:32,0,0,,,
8,18,122111,UK,33kHz (32768Hz),Active,Peak,None,Internal,Not updated,0,Off,0,OFF,0,Li-Ion,0,Standby,50Hz,Line,Null,Metric,0,on,off,on,off,on,off,off,on,UNK,Power Transmission,MKP5,0,0,3,021cd537-8254-49e7-b560-d1f7917443fb,6,5,4,13,11,9,7,6,5,12,9,8,15,12,10,8,7,6,22,19,22,20,16,17,17,0,No arrows,No arrows,0,No arrows,No arrows,0,No arrows,No arrows,0,No arrows,No arrows,0,No arrows,No arrows,103,105,85,110,98,Not Active,Not Active,Not Active,Not Active,Not Active,Not Active,Not Active,0,Not Active,Not Active,Not Active,Not Active,Not Active,Not Active,Not Active,0,Not Active,Not Active,Not Active,Not Active,Not Active,Not Active,Not Active,0,Not Active,Not Active,Not Active,Not Active,Not Active,Not Active,Not Active,0,Not Active,Not Active,Not Active,Not Active,Not Active,Not Active,Not Active,0,79,97,97,121,121,-8,-2,-5,-2,-1,-7,-7,-5,-17,-9,0,0,140,0.215506,0,0,0,98,0,0,0,Not Active,Not Active,Not Active,0,0,0,1,7,173,147,Not Active,Not Active,Not Active,Not Active,Not Active,Not Active,Not Active,0,GPS,12,53,0,51.41928,-2.583610667,1/17/2023,12:14:33,0,0,,,
9,18,122112,UK,33kHz (32768Hz),Active,Peak,None,Internal,Not updated,0,Off,0,OFF,0,Li-Ion,0,Standby,50Hz,Line,Null,Metric,0,on,off,on,off,on,off,off,on,UNK,Power Transmission,MKP5,0,0,3,021cd537-8254-49e7-b560-d1f7917443fb,16,14,12,10,17,21,16,13,16,14,11,11,12,15,13,10,8,7,6,6,5,12,10,9,15,0,No arrows,No arrows,0,No arrows,No arrows,0,No arrows,No arrows,0,No arrows,No arrows,0,No arrows,No arrows,102,97,86,95,94,Not Active,Not Active,Not Active,Not Active,Not Active,Not Active,Not Active,0,Not Active,Not Active,Not Active,Not Active,Not Active,Not Active,Not Active,0,Not Active,Not Active,Not Active,Not Active,Not Active,Not Active,Not Active,0,Not Active,Not Active,Not Active,Not Active,Not Active,Not Active,Not Active,0,Not Active,Not Active,Not Active,Not Active,Not Active,Not Active,Not Active,0,228,183,183,146,146,-7,-2,-5,-2,-3,-15,-6,-4,-15,-10,0,0,140,0.182919,0,0,0,94,0,0,0,Not Active,Not Active,Not Active,0,0,0,1,7,173,147,Not Active,Not Active,Not Active,Not Active,Not Active,Not Active,Not Active,0,GPS,12,54,0,51.41926883,-2.583597167,1/17/2023,12:14:34,0,0,,,
10,18,122113,UK,33kHz (32768Hz),Active,Peak,None,Internal,Not updated,0,Off,0,OFF,0,Li-Ion,0,Standby,50Hz,Line,Null,Metric,0,on,off,on,off,on,off,off,on,UNK,Power Transmission,MKP5,0,0,3,021cd537-8254-49e7-b560-d1f7917443fb,12,10,7,7,6,5,7,6,4,7,6,5,4,3,4,13,16,16,13,10,8,6,6,4,8,0,No arrows,No arrows,0,No arrows,No arrows,0,No arrows,No arrows,0,No arrows,No arrows,0,No arrows,No arrows,97,98,96,89,82,Not Active,Not Active,Not Active,Not Active,Not Active,Not Active,Not Active,0,Not Active,Not Active,Not Active,Not Active,Not Active,Not Active,Not Active,0,Not Active,Not Active,Not Active,Not Active,Not Active,Not Active,Not Active,0,Not Active,Not Active,Not Active,Not Active,Not Active,Not Active,Not Active,0,Not Active,Not Active,Not Active,Not Active,Not Active,Not Active,Not Active,0,112,81,81,96,96,-6,-4,-3,-5,-2,-14,-4,-12,-14,-3,0,0,140,0.0974387,0,0,0,82,0,0,0,Not Active,Not Active,Not Active,0,0,0,1,7,173,147,Not Active,Not Active,Not Active,Not Active,Not Active,Not Active,Not Active,0,GPS,12,54,0,51.41926217,-2.5835865,1/17/2023,12:14:35,0,0,,,
11,18,122114,UK,33kHz (32768Hz),Active,Peak,None,Internal,Not updated,0,Off,0,OFF,0,Li-Ion,0,Standby,50Hz,Line,Null,Metric,0,on,off,on,off,on,off,off,on,UNK,Power Transmission,MKP5,0,0,3,021cd537-8254-49e7-b560-d1f7917443fb,10,8,6,5,16,15,20,17,18,16,12,10,10,8,8,16,13,12,11,9,7,6,5,11,9,0,No arrows,No arrows,0,No arrows,No arrows,0,No arrows,No arrows,0,No arrows,No arrows,0,No arrows,No arrows,60,175,157,109,97,Not Active,Not Active,Not Active,Not Active,Not Active,Not Active,Not Active,0,Not Active,Not Active,Not Active,Not Active,Not Active,Not Active,Not Active,0,Not Active,Not Active,Not Active,Not Active,Not Active,Not Active,Not Active,0,Not Active,Not Active,Not Active,Not Active,Not Active,Not Active,Not Active,0,Not Active,Not Active,Not Active,Not Active,Not Active,Not Active,Not Active,0,112,164,164,148,148,-4,-3,-10,-1,-2,-16,-5,-13,-16,-4,0,0,140,0.111538,0,0,0,97,0,0,0,Not Active,Not Active,Not Active,0,0,0,1,7,173,147,Not Active,Not Active,Not Active,Not Active,Not Active,Not Active,Not Active,0,GPS,12,54,0,51.4192565,-2.583579333,1/17/2023,12:14:36,0,0,,,
12,18,122115,UK,33kHz (32768Hz),Active,Peak,None,Internal,Not updated,0,Off,0,OFF,0,Li-Ion,0,Standby,50Hz,Line,Null,Metric,0,on,off,on,off,on,off,off,on,UNK,Power Transmission,MKP5,0,0,3,021cd537-8254-49e7-b560-d1f7917443fb,12,9,8,11,9,14,11,9,13,11,10,8,6,5,4,3,11,10,8,6,5,16,12,10,7,0,No arrows,No arrows,0,No arrows,No arrows,0,No arrows,No arrows,0,No arrows,No arrows,0,No arrows,No arrows,84,94,96,92,89,Not Active,Not Active,Not Active,Not Active,Not Active,Not Active,Not Active,0,Not Active,Not Active,Not Active,Not Active,Not Active,Not Active,Not Active,0,Not Active,Not Active,Not Active,Not Active,Not Active,Not Active,Not Active,0,Not Active,Not Active,Not Active,Not Active,Not Active,Not Active,Not Active,0,Not Active,Not Active,Not Active,Not Active,Not Active,Not Active,Not Active,0,113,130,130,98,98,-1,-4,-4,-1,3,-19,-7,-16,-11,-1,0,0,140,0.092656,0,0,0,89,0,0,0,Not Active,Not Active,Not Active,0,0,0,1,7,173,147,Not Active,Not Active,Not Active,Not Active,Not Active,Not Active,Not Active,0,GPS,12,55,0,51.41924933,-2.583567,1/17/2023,12:14:37,0,0,,,
13,18,122116,UK,33kHz (32768Hz),Active,Peak,None,Internal,Not updated,0,Off,0,OFF,0,Li-Ion,0,Standby,50Hz,Line,Null,Metric,0,on,off,on,off,on,off,off,on,UNK,Power Transmission,MKP5,0,0,3,021cd537-8254-49e7-b560-d1f7917443fb,8,7,6,7,6,4,10,13,11,9,10,10,9,10,9,8,6,5,10,10,7,6,7,6,5,0,No arrows,No arrows,0,No arrows,No arrows,0,No arrows,No arrows,0,No arrows,No arrows,0,No arrows,No arrows,93,79,71,102,80,Not Active,Not Active,Not Active,Not Active,Not Active,Not Active,Not Active,0,Not Active,Not Active,Not Active,Not Active,Not Active,Not Active,Not Active,0,Not Active,Not Active,Not Active,Not Active,Not Active,Not Active,Not Active,0,Not Active,Not Active,Not Active,Not Active,Not Active,Not Active,Not Active,0,Not Active,Not Active,Not Active,Not Active,Not Active,Not Active,Not Active,0,115,97,97,114,114,0,-1,-4,-1,2,-19,-11,-17,-14,-1,0,0,140,0.0598289,0,0,0,80,0,0,0,Not Active,Not Active,Not Active,0,0,0,1,7,173,147,Not Active,Not Active,Not Active,Not Active,Not Active,Not Active,Not Active,0,GPS,12,55,0,51.419246,-2.583561333,1/17/2023,12:14:38,0,0,,,
14,18,122117,UK,33kHz (32768Hz),Active,Peak,None,Internal,Not updated,0,Off,0,OFF,0,Li-Ion,0,Standby,50Hz,Line,Null,Metric,0,on,off,on,off,on,off,off,on,UNK,Power Transmission,MKP5,0,0,3,021cd537-8254-49e7-b560-d1f7917443fb,4,3,3,2,2,5,9,7,6,5,4,8,7,7,6,4,4,3,5,9,8,6,5,4,7,0,No arrows,No arrows,0,No arrows,No arrows,0,No arrows,No arrows,0,No arrows,No arrows,0,No arrows,No arrows,97,70,80,95,91,Not Active,Not Active,Not Active,Not Active,Not Active,Not Active,Not Active,0,Not Active,Not Active,Not Active,Not Active,Not Active,Not Active,Not Active,0,Not Active,Not Active,Not Active,Not Active,Not Active,Not Active,Not Active,0,Not Active,Not Active,Not Active,Not Active,Not Active,Not Active,Not Active,0,Not Active,Not Active,Not Active,Not Active,Not Active,Not Active,Not Active,0,86,56,56,69,69,-2,-5,1,-2,1,-13,-6,-13,-13,-14,0,0,140,0.0873206,0,0,0,91,0,0,0,Not Active,Not Active,Not Active,0,0,0,1,7,173,147,Not Active,Not Active,Not Active,Not Active,Not Active,Not Active,Not Active,0,GPS,12,56,0,51.41923867,-2.5835485,1/17/2023,12:14:39,0,0,,,
15,18,122118,UK,33kHz (32768Hz),Active,Peak,None,Internal,Not updated,0,Off,0,OFF,0,Li-Ion,0,Standby,50Hz,Line,Null,Metric,0,on,off,on,off,on,off,off,on,UNK,Power Transmission,MKP5,0,0,3,021cd537-8254-49e7-b560-d1f7917443fb,6,10,8,6,5,8,7,5,9,8,8,6,5,4,3,5,4,13,11,9,15,12,16,13,10,0,No arrows,No arrows,0,No arrows,No arrows,0,No arrows,No arrows,0,No arrows,No arrows,0,No arrows,No arrows,88,97,94,97,98,Not Active,Not Active,Not Active,Not Active,Not Active,Not Active,Not Active,0,Not Active,Not Active,Not Active,Not Active,Not Active,Not Active,Not Active,0,Not Active,Not Active,Not Active,Not Active,Not Active,Not Active,Not Active,0,Not Active,Not Active,Not Active,Not Active,Not Active,Not Active,Not Active,0,Not Active,Not Active,Not Active,Not Active,Not Active,Not Active,Not Active,0,71,86,86,73,73,-3,-4,2,0,-5,-10,-5,-21,-13,-9,0,0,140,0.130114,0,0,0,98,0,0,0,Not Active,Not Active,Not Active,0,0,0,1,7,173,147,Not Active,Not Active,Not Active,Not Active,Not Active,Not Active,Not Active,0,GPS,12,56,0,51.41923117,-2.583534667,1/17/2023,12:14:40,0,0,,,
16,18,122119,UK,33kHz (32768Hz),Active,Peak,None,Internal,Not updated,0,Off,0,OFF,0,Li-Ion,0,Standby,50Hz,Line,Null,Metric,0,on,off,on,off,on,off,off,on,UNK,Power Transmission,MKP5,0,0,3,021cd537-8254-49e7-b560-d1f7917443fb,9,17,14,11,9,7,7,6,5,4,13,13,11,8,12,14,13,12,11,9,9,7,10,8,7,0,No arrows,No arrows,0,No arrows,No arrows,0,No arrows,No arrows,0,No arrows,No arrows,0,No arrows,No arrows,94,76,100,91,103,Not Active,Not Active,Not Active,Not Active,Not Active,Not Active,Not Active,0,Not Active,Not Active,Not Active,Not Active,Not Active,Not Active,Not Active,0,Not Active,Not Active,Not Active,Not Active,Not Active,Not Active,Not Active,0,Not Active,Not Active,Not Active,Not Active,Not Active,Not Active,Not Active,0,Not Active,Not Active,Not Active,Not Active,Not Active,Not Active,Not Active,0,150,127,127,125,123,-1,-5,-3,0,-3,-10,-6,-15,-6,-18,0,0,140,0.0785813,0,0,0,103,0,0,0,Not Active,Not Active,Not Active,0,0,0,1,7,173,147,Not Active,Not Active,Not Active,Not Active,Not Active,Not Active,Not Active,0,GPS,12,57,0,51.419225,-2.583524333,1/17/2023,12:14:41,0,0,,,
17,18,122120,UK,33kHz (32768Hz),Active,Peak,None,Internal,Not updated,0,Off,0,OFF,0,Li-Ion,0,Standby,50Hz,Line,Null,Metric,0,on,off,on,off,on,off,off,on,UNK,Power Transmission,MKP5,0,0,3,021cd537-8254-49e7-b560-d1f7917443fb,5,4,3,3,7,11,9,8,7,9,7,6,10,9,7,5,9,8,9,7,6,5,7,18,15,0,No arrows,No arrows,0,No arrows,No arrows,0,No arrows,No arrows,0,No arrows,No arrows,0,No arrows,No arrows,102,98,83,110,74,Not Active,Not Active,Not Active,Not Active,Not Active,Not Active,Not Active,0,Not Active,Not Active,Not Active,Not Active,Not Active,Not Active,Not Active,0,Not Active,Not Active,Not Active,Not Active,Not Active,Not Active,Not Active,0,Not Active,Not Active,Not Active,Not Active,Not Active,Not Active,Not Active,0,Not Active,Not Active,Not Active,Not Active,Not Active,Not Active,Not Active,0,123,80,80,92,110,-4,-2,-7,7,0,-10,-7,-14,2,-14,0,0,140,0.188127,0,0,0,74,0,0,0,Not Active,Not Active,Not Active,0,0,0,1,7,173,147,Not Active,Not Active,Not Active,Not Active,Not Active,Not Active,Not Active,0,GPS,12,57,0,51.41922083,-2.583523333,1/17/2023,12:14:42,0,0,,,
18,18,122121,UK,33kHz (32768Hz),Active,Peak,None,Internal,Not updated,0,Off,0,OFF,0,Li-Ion,0,Standby,50Hz,Line,Null,Metric,0,on,off,on,off,on,off,off,on,UNK,Power Transmission,MKP5,0,0,3,021cd537-8254-49e7-b560-d1f7917443fb,13,16,14,12,10,8,6,5,4,9,7,10,8,6,5,4,11,9,7,8,13,18,15,12,14,0,No arrows,No arrows,0,No arrows,No arrows,0,No arrows,No arrows,0,No arrows,No arrows,0,No arrows,No arrows,89,73,75,90,95,Not Active,Not Active,Not Active,Not Active,Not Active,Not Active,Not Active,0,Not Active,Not Active,Not Active,Not Active,Not Active,Not Active,Not Active,0,Not Active,Not Active,Not Active,Not Active,Not Active,Not Active,Not Active,0,Not Active,Not Active,Not Active,Not Active,Not Active,Not Active,Not Active,0,Not Active,Not Active,Not Active,Not Active,Not Active,Not Active,Not Active,0,110,141,141,85,144,-3,-10,-7,-1,-1,-10,-17,-12,-3,-15,0,0,140,0.176463,0,0,0,95,0,0,0,Not Active,Not Active,Not Active,0,0,0,1,7,173,147,Not Active,Not Active,Not Active,Not Active,Not Active,Not Active,Not Active,0,GPS,12,57,0,51.41921633,-2.583524833,1/17/2023,12:14:43,0,0,,,
19,18,122122,UK,33kHz (32768Hz),Active,Peak,None,Internal,Not updated,0,Off,0,OFF,0,Li-Ion,0,Standby,50Hz,Line,Null,Metric,0,on,off,on,off,on,off,off,on,UNK,Power Transmission,MKP5,0,0,3,021cd537-8254-49e7-b560-d1f7917443fb,12,12,9,12,12,16,13,12,10,8,6,17,14,11,9,7,5,5,4,6,6,7,7,8,10,0,No arrows,No arrows,0,No arrows,No arrows,0,No arrows,No arrows,0,No arrows,No arrows,0,No arrows,No arrows,65,75,94,89,77,Not Active,Not Active,Not Active,Not Active,Not Active,Not Active,Not Active,0,Not Active,Not Active,Not Active,Not Active,Not Active,Not Active,Not Active,0,Not Active,Not Active,Not Active,Not Active,Not Active,Not Active,Not Active,0,Not Active,Not Active,Not Active,Not Active,Not Active,Not Active,Not Active,0,Not Active,Not Active,Not Active,Not Active,Not Active,Not Active,Not Active,0,144,156,156,130,76,-5,-10,-1,-3,0,-3,-16,-9,-6,-8,0,0,140,0.114549,0,0,0,77,0,0,0,Not Active,Not Active,Not Active,0,0,0,1,7,173,147,Not Active,Not Active,Not Active,Not Active,Not Active,Not Active,Not Active,0,GPS,12,56,0,51.41920917,-2.583517667,1/17/2023,12:14:44,0,0,,,
20,18,122123,UK,33kHz (32768Hz),Active,Peak,None,Internal,Not updated,0,Off,0,OFF,0,Li-Ion,0,Standby,50Hz,Line,Null,Metric,0,on,off,on,off,on,off,off,on,UNK,Power Transmission,MKP5,0,0,3,021cd537-8254-49e7-b560-d1f7917443fb,23,19,15,12,9,10,20,17,14,11,8,7,5,7,6,4,3,18,20,16,14,19,15,12,10,0,No arrows,No arrows,0,No arrows,No arrows,0,No arrows,No arrows,0,No arrows,No arrows,0,No arrows,No arrows,91,89,87,108,97,Not Active,Not Active,Not Active,Not Active,Not Active,Not Active,Not Active,0,Not Active,Not Active,Not Active,Not Active,Not Active,Not Active,Not Active,0,Not Active,Not Active,Not Active,Not Active,Not Active,Not Active,Not Active,0,Not Active,Not Active,Not Active,Not Active,Not Active,Not Active,Not Active,0,Not Active,Not Active,Not Active,Not Active,Not Active,Not Active,Not Active,0,76,188,188,106,177,-10,1,-5,-7,-2,-8,-19,-12,-10,-8,0,0,140,0.128518,0,0,0,97,0,0,0,Not Active,Not Active,Not Active,0,0,0,1,7,173,147,Not Active,Not Active,Not Active,Not Active,Not Active,Not Active,Not Active,0,GPS,12,56,0,51.41920083,-2.583508333,1/17/2023,12:14:45,0,0,,,
21,18,122124,UK,33kHz (32768Hz),Active,Peak,None,Internal,Not updated,0,Off,0,OFF,0,Li-Ion,0,Standby,50Hz,Line,Null,Metric,0,on,off,on,off,on,off,off,on,UNK,Power Transmission,MKP5,0,0,3,021cd537-8254-49e7-b560-d1f7917443fb,16,12,10,8,11,9,9,11,11,9,9,19,16,13,11,8,8,7,10,9,8,8,13,10,8,0,No arrows,No arrows,0,No arrows,No arrows,0,No arrows,No arrows,0,No arrows,No arrows,0,No arrows,No arrows,75,118,138,111,87,Not Active,Not Active,Not Active,Not Active,Not Active,Not Active,Not Active,0,Not Active,Not Active,Not Active,Not Active,Not Active,Not Active,Not Active,0,Not Active,Not Active,Not Active,Not Active,Not Active,Not Active,Not Active,0,Not Active,Not Active,Not Active,Not Active,Not Active,Not Active,Not Active,0,Not Active,Not Active,Not Active,Not Active,Not Active,Not Active,Not Active,0,177,134,134,156,117,-9,-3,-4,-8,-3,-3,-15,-10,-17,-6,0,0,140,0.103699,0,0,0,87,0,0,0,Not Active,Not Active,Not Active,0,0,0,1,7,173,147,Not Active,Not Active,Not Active,Not Active,Not Active,Not Active,Not Active,0,GPS,12,56,0,51.41919433,-2.583499,1/17/2023,12:14:46,0,0,,,
22,18,122125,UK,33kHz (32768Hz),Active,Peak,None,Internal,Not updated,0,Off,0,OFF,0,Li-Ion,0,Standby,50Hz,Line,Null,Metric,0,on,off,on,off,on,off,off,on,UNK,Power Transmission,MKP5,0,0,3,021cd537-8254-49e7-b560-d1f7917443fb,9,8,6,5,9,9,8,7,5,6,6,9,7,6,17,14,12,11,8,10,8,7,5,10,9,0,No arrows,No arrows,0,No arrows,No arrows,0,No arrows,No arrows,0,No arrows,No arrows,0,No arrows,No arrows,86,88,104,100,110,Not Active,Not Active,Not Active,Not Active,Not Active,Not Active,Not Active,0,Not Active,Not Active,Not Active,Not Active,Not Active,Not Active,Not Active,0,Not Active,Not Active,Not Active,Not Active,Not Active,Not Active,Not Active,0,Not Active,Not Active,Not Active,Not Active,Not Active,Not Active,Not Active,0,Not Active,Not Active,Not Active,Not Active,Not Active,Not Active,Not Active,0,117,98,98,109,113,-8,-8,2,1,-3,-6,-13,-1,-15,-7,0,0,140,0.112613,0,0,0,110,0,0,0,Not Active,Not Active,Not Active,0,0,0,1,7,173,147,Not Active,Not Active,Not Active,Not Active,Not Active,Not Active,Not Active,0,GPS,12,56,0,51.4191855,-2.583489333,1/17/2023,12:14:47,0,0,,,
23,18,122126,UK,33kHz (32768Hz),Active,Peak,None,Internal,Not updated,0,Off,0,OFF,0,Li-Ion,0,Standby,50Hz,Line,Null,Metric,0,on,off,on,off,on,off,off,on,UNK,Power Transmission,MKP5,0,0,3,021cd537-8254-49e7-b560-d1f7917443fb,7,6,5,4,3,9,11,11,9,7,6,6,12,9,7,11,10,9,9,9,7,6,5,4,6,0,No arrows,No arrows,0,No arrows,No arrows,0,No arrows,No arrows,0,No arrows,No arrows,0,No arrows,No arrows,96,82,106,96,100,Not Active,Not Active,Not Active,Not Active,Not Active,Not Active,Not Active,0,Not Active,Not Active,Not Active,Not Active,Not Active,Not Active,Not Active,0,Not Active,Not Active,Not Active,Not Active,Not Active,Not Active,Not Active,0,Not Active,Not Active,Not Active,Not Active,Not Active,Not Active,Not Active,0,Not Active,Not Active,Not Active,Not Active,Not Active,Not Active,Not Active,0,113,87,87,108,102,-8,-5,1,1,-3,-9,-12,-1,-14,-5,0,0,140,0.0747387,0,0,0,100,0,0,0,Not Active,Not Active,Not Active,0,0,0,1,7,173,147,Not Active,Not Active,Not Active,Not Active,Not Active,Not Active,Not Active,0,GPS,12,56,0,51.4191805,-2.583484333,1/17/2023,12:14:48,0,0,,,
24,18,122127,UK,33kHz (32768Hz),Active,Peak,None,Internal,Not updated,0,Off,0,OFF,0,Li-Ion,0,Standby,50Hz,Line,Null,Metric,0,on,off,on,off,on,off,off,on,UNK,Power Transmission,MKP5,0,0,3,021cd537-8254-49e7-b560-d1f7917443fb,5,4,5,5,4,3,6,7,7,6,8,8,8,12,10,8,7,6,8,7,6,5,4,4,6,0,No arrows,No arrows,0,No arrows,No arrows,0,No arrows,No arrows,0,No arrows,No arrows,0,No arrows,No arrows,78,76,105,82,99,Not Active,Not Active,Not Active,Not Active,Not Active,Not Active,Not Active,0,Not Active,Not Active,Not Active,Not Active,Not Active,Not Active,Not Active,0,Not Active,Not Active,Not Active,Not Active,Not Active,Not Active,Not Active,0,Not Active,Not Active,Not Active,Not Active,Not Active,Not Active,Not Active,0,Not Active,Not Active,Not Active,Not Active,Not Active,Not Active,Not Active,0,102,59,59,104,80,-7,-2,-2,-3,-5,-14,-10,-3,-11,-7,0,0,140,0.102829,0,0,0,99,0,0,0,Not Active,Not Active,Not Active,0,0,0,1,7,173,147,Not Active,Not Active,Not Active,Not Active,Not Active,Not Active,Not Active,0,GPS,12,57,0,51.41917217,-2.5834755,1/17/2023,12:14:49,0,0,,,
25,18,122128,UK,33kHz (32768Hz),Active,Peak,None,Internal,Not updated,0,Off,0,OFF,0,Li-Ion,0,Standby,50Hz,Line,Null,Metric,0,on,off,on,off,on,off,off,on,UNK,Power Transmission,MKP5,0,0,3,021cd537-8254-49e7-b560-d1f7917443fb,7,7,6,5,4,5,11,8,7,9,13,11,8,11,11,9,7,5,5,8,9,8,6,5,16,0,No arrows,No arrows,0,No arrows,No arrows,0,No arrows,No arrows,0,No arrows,No arrows,0,No arrows,No arrows,80,80,81,95,89,Not Active,Not Active,Not Active,Not Active,Not Active,Not Active,Not Active,0,Not Active,Not Active,Not Active,Not Active,Not Active,Not Active,Not Active,0,Not Active,Not Active,Not Active,Not Active,Not Active,Not Active,Not Active,0,Not Active,Not Active,Not Active,Not Active,Not Active,Not Active,Not Active,0,Not Active,Not Active,Not Active,Not Active,Not Active,Not Active,Not Active,0,80,74,74,123,90,-2,-3,-8,1,-9,-17,-11,-6,-4,-5,0,0,140,0.207428,0,0,0,89,0,0,0,Not Active,Not Active,Not Active,0,0,0,1,7,173,147,Not Active,Not Active,Not Active,Not Active,Not Active,Not Active,Not Active,0,GPS,12,57,0,51.4191625,-2.583465833,1/17/2023,12:14:50,0,0,,,
26,18,122129,UK,33kHz (32768Hz),Active,Peak,None,Internal,Not updated,0,Off,0,OFF,0,Li-Ion,0,Standby,50Hz,Line,Null,Metric,0,on,off,on,off,on,off,off,on,UNK,Power Transmission,MKP5,0,0,3,021cd537-8254-49e7-b560-d1f7917443fb,16,14,12,10,14,15,12,10,11,21,16,13,10,8,9,7,6,5,7,11,11,8,7,5,4,0,No arrows,No arrows,0,No arrows,No arrows,0,No arrows,No arrows,0,No arrows,No arrows,0,No arrows,No arrows,93,89,97,76,90,Not Active,Not Active,Not Active,Not Active,Not Active,Not Active,Not Active,0,Not Active,Not Active,Not Active,Not Active,Not Active,Not Active,Not Active,0,Not Active,Not Active,Not Active,Not Active,Not Active,Not Active,Not Active,0,Not Active,Not Active,Not Active,Not Active,Not Active,Not Active,Not Active,0,Not Active,Not Active,Not Active,Not Active,Not Active,Not Active,Not Active,0,90,157,162,162,99,-5,-1,-4,-5,-6,-15,-4,-16,-4,-3,0,0,140,0.0500183,0,0,0,90,0,0,0,Not Active,Not Active,Not Active,0,0,0,1,7,173,147,Not Active,Not Active,Not Active,Not Active,Not Active,Not Active,Not Active,0,GPS,12,57,0,51.41915317,-2.583456167,1/17/2023,12:14:51,0,0,,,
27,18,122130,UK,33kHz (32768Hz),Active,Peak,None,Internal,Not updated,0,Off,0,OFF,0,Li-Ion,0,Standby,50Hz,Line,Null,Metric,0,on,off,on,off,on,off,off,on,UNK,Power Transmission,MKP5,0,0,3,021cd537-8254-49e7-b560-d1f7917443fb,3,4,3,3,7,7,5,6,6,16,15,12,10,9,8,12,10,9,7,6,7,6,8,7,5,0,No arrows,No arrows,0,No arrows,No arrows,0,No arrows,No arrows,0,No arrows,No arrows,0,No arrows,No arrows,91,80,78,87,97,Not Active,Not Active,Not Active,Not Active,Not Active,Not Active,Not Active,0,Not Active,Not Active,Not Active,Not Active,Not Active,Not Active,Not Active,0,Not Active,Not Active,Not Active,Not Active,Not Active,Not Active,Not Active,0,Not Active,Not Active,Not Active,Not Active,Not Active,Not Active,Not Active,0,Not Active,Not Active,Not Active,Not Active,Not Active,Not Active,Not Active,0,99,57,122,122,106,-4,-3,-2,-6,-4,-13,-2,-11,-3,-2,0,0,140,0.0651886,0,0,0,97,0,0,0,Not Active,Not Active,Not Active,0,0,0,1,8,173,147,Not Active,Not Active,Not Active,Not Active,Not Active,Not Active,Not Active,0,GPS,12,58,0,51.41914333,-2.583448833,1/17/2023,12:14:52,0,0,,,
28,18,122131,UK,33kHz (32768Hz),Active,Peak,None,Internal,Not updated,0,Off,0,OFF,0,Li-Ion,0,Standby,50Hz,Line,Null,Metric,0,on,off,on,off,on,off,off,on,UNK,Power Transmission,MKP5,0,0,3,021cd537-8254-49e7-b560-d1f7917443fb,4,5,10,9,7,20,16,16,13,10,14,15,15,12,9,8,6,5,5,7,6,6,7,10,19,0,No arrows,No arrows,0,No arrows,No arrows,0,No arrows,No arrows,0,No arrows,No arrows,0,No arrows,No arrows,104,84,86,96,112,Not Active,Not Active,Not Active,Not Active,Not Active,Not Active,Not Active,0,Not Active,Not Active,Not Active,Not Active,Not Active,Not Active,Not Active,0,Not Active,Not Active,Not Active,Not Active,Not Active,Not Active,Not Active,0,Not Active,Not Active,Not Active,Not Active,Not Active,Not Active,Not Active,0,Not Active,Not Active,Not Active,Not Active,Not Active,Not Active,Not Active,0,106,113,175,175,81,-3,-1,-4,-7,-7,-10,2,-12,-5,-5,0,0,140,0.241533,0,0,0,112,0,0,0,Not Active,Not Active,Not Active,0,0,0,1,7,173,147,Not Active,Not Active,Not Active,Not Active,Not Active,Not Active,Not Active,0,GPS,12,58,0,51.419134,-2.5834415,1/17/2023,12:14:53,0,0,,,
29,18,122132,UK,33kHz (32768Hz),Active,Peak,None,Internal,Not updated,0,Off,0,OFF,0,Li-Ion,0,Standby,50Hz,Line,Null,Metric,0,on,off,on,off,on,off,off,on,UNK,Power Transmission,MKP5,0,0,3,021cd537-8254-49e7-b560-d1f7917443fb,19,15,12,11,8,7,8,6,9,7,12,18,19,20,18,15,13,11,9,8,13,10,9,7,5,0,No arrows,No arrows,0,No arrows,No arrows,0,No arrows,No arrows,0,No arrows,No arrows,0,No arrows,No arrows,96,84,89,85,87,Not Active,Not Active,Not Active,Not Active,Not Active,Not Active,Not Active,0,Not Active,Not Active,Not Active,Not Active,Not Active,Not Active,Not Active,0,Not Active,Not Active,Not Active,Not Active,Not Active,Not Active,Not Active,0,Not Active,Not Active,Not Active,Not Active,Not Active,Not Active,Not Active,0,Not Active,Not Active,Not Active,Not Active,Not Active,Not Active,Not Active,0,81,156,153,153,154,-2,1,-6,-4,-9,-11,-1,-19,-3,-11,0,0,140,0.0681554,0,0,0,87,0,0,0,Not Active,Not Active,Not Active,0,0,0,1,8,173,147,Not Active,Not Active,Not Active,Not Active,Not Active,Not Active,Not Active,0,GPS,12,58,0,51.41912483,-2.583438,1/17/2023,12:14:54,0,0,,,
30,18,122133,UK,33kHz (32768Hz),Active,Peak,None,Internal,Not updated,0,Off,0,OFF,0,Li-Ion,0,Standby,50Hz,Line,Null,Metric,0,on,off,on,off,on,off,off,on,UNK,Power Transmission,MKP5,0,0,3,021cd537-8254-49e7-b560-d1f7917443fb,6,6,9,7,9,14,11,10,18,15,12,10,8,8,6,5,4,3,15,17,15,12,10,8,7,0,No arrows,No arrows,0,No arrows,No arrows,0,No arrows,No arrows,0,No arrows,No arrows,0,No arrows,No arrows,94,89,98,98,93,Not Active,Not Active,Not Active,Not Active,Not Active,Not Active,Not Active,0,Not Active,Not Active,Not Active,Not Active,Not Active,Not Active,Not Active,0,Not Active,Not Active,Not Active,Not Active,Not Active,Not Active,Not Active,0,Not Active,Not Active,Not Active,Not Active,Not Active,Not Active,Not Active,0,Not Active,Not Active,Not Active,Not Active,Not Active,Not Active,Not Active,0,154,99,146,146,121,-1,1,-7,-1,-7,-17,-5,-18,-4,-15,0,0,140,0.0875752,0,0,0,93,0,0,0,Not Active,Not Active,Not Active,0,0,0,1,8,173,147,Not Active,Not Active,Not Active,Not Active,Not Active,Not Active,Not Active,0,GPS,12,59,0,51.41911883,-2.5834285,1/17/2023,12:14:55,0,0,,,
31,18,122134,UK,33kHz (32768Hz),Active,Peak,None,Internal,Not updated,0,Off,0,OFF,0,Li-Ion,0,Standby,50Hz,Line,Null,Metric,0,on,off,on,off,on,off,off,on,UNK,Power Transmission,MKP5,0,0,3,021cd537-8254-49e7-b560-d1f7917443fb,6,7,12,10,13,10,15,12,13,11,9,12,10,8,7,6,14,13,10,8,10,9,7,15,14,0,No arrows,No arrows,0,No arrows,No arrows,0,No arrows,No arrows,0,No arrows,No arrows,0,No arrows,No arrows,93,90,88,89,91,Not Active,Not Active,Not Active,Not Active,Not Active,Not Active,Not Active,0,Not Active,Not Active,Not Active,Not Active,Not Active,Not Active,Not Active,0,Not Active,Not Active,Not Active,Not Active,Not Active,Not Active,Not Active,0,Not Active,Not Active,Not Active,Not Active,Not Active,Not Active,Not Active,0,Not Active,Not Active,Not Active,Not Active,Not Active,Not Active,Not Active,0,121,118,143,143,121,-2,4,-5,-7,-11,-12,-1,-14,-6,-15,0,0,140,0.17982,0,0,0,91,0,0,0,Not Active,Not Active,Not Active,0,0,0,1,8,173,147,Not Active,Not Active,Not Active,Not Active,Not Active,Not Active,Not Active,0,GPS,12,58,0,51.41911,-2.583421667,1/17/2023,12:14:56,0,0,,,
32,18,122135,UK,33kHz (32768Hz),Active,Peak,None,Internal,Not updated,0,Off,0,OFF,0,Li-Ion,0,Standby,50Hz,Line,Null,Metric,0,on,off,on,off,on,off,off,on,UNK,Power Transmission,MKP5,0,0,3,021cd537-8254-49e7-b560-d1f7917443fb,16,14,12,12,15,16,14,11,9,9,12,19,16,13,10,8,8,10,13,11,13,11,12,9,9,0,No arrows,No arrows,0,No arrows,No arrows,0,No arrows,No arrows,0,No arrows,No arrows,0,No arrows,No arrows,72,82,103,77,101,Not Active,Not Active,Not Active,Not Active,Not Active,Not Active,Not Active,0,Not Active,Not Active,Not Active,Not Active,Not Active,Not Active,Not Active,0,Not Active,Not Active,Not Active,Not Active,Not Active,Not Active,Not Active,0,Not Active,Not Active,Not Active,Not Active,Not Active,Not Active,Not Active,0,Not Active,Not Active,Not Active,Not Active,Not Active,Not Active,Not Active,0,121,172,162,162,135,-6,1,-1,-6,-11,-16,-2,-12,-3,-19,0,0,140,0.114826,0,0,0,101,0,0,0,Not Active,Not Active,Not Active,0,0,0,1,8,173,147,Not Active,Not Active,Not Active,Not Active,Not Active,Not Active,Not Active,0,GPS,12,58,0,51.41910283,-2.583413833,1/17/2023,12:14:57,0,0,,,
33,18,122136,UK,33kHz (32768Hz),Active,Peak,None,Internal,Not updated,0,Off,0,OFF,0,Li-Ion,0,Standby,50Hz,Line,Null,Metric,0,on,off,on,off,on,off,off,on,UNK,Power Transmission,MKP5,0,0,3,021cd537-8254-49e7-b560-d1f7917443fb,8,6,5,4,4,3,8,21,23,32,26,22,22,19,17,17,17,19,15,12,10,10,8,7,7,0,No arrows,No arrows,0,No arrows,No arrows,0,No arrows,No arrows,0,No arrows,No arrows,0,No arrows,No arrows,102,127,173,165,110,Not Active,Not Active,Not Active,Not Active,Not Active,Not Active,Not Active,0,Not Active,Not Active,Not Active,Not Active,Not Active,Not Active,Not Active,0,Not Active,Not Active,Not Active,Not Active,Not Active,Not Active,Not Active,0,Not Active,Not Active,Not Active,Not Active,Not Active,Not Active,Not Active,0,Not Active,Not Active,Not Active,Not Active,Not Active,Not Active,Not Active,0,135,92,255,255,192,-3,-1,-1,-6,-8,-11,-3,-8,-7,-18,0,0,140,0.149965,0,0,0,110,0,0,0,Not Active,Not Active,Not Active,0,0,0,1,8,173,147,Not Active,Not Active,Not Active,Not Active,Not Active,Not Active,Not Active,0,GPS,12,58,0,51.4190965,-2.583405667,1/17/2023,12:14:58,0,0,,,
34,18,122137,UK,33kHz (32768Hz),Active,Peak,None,Internal,Not updated,0,Off,0,OFF,0,Li-Ion,0,Standby,50Hz,Line,Null,Metric,0,on,off,on,off,on,off,off,on,UNK,Power Transmission,MKP5,0,0,3,021cd537-8254-49e7-b560-d1f7917443fb,11,9,16,31,27,25,22,40,36,30,24,19,17,19,16,26,30,27,31,25,21,16,14,12,10,0,No arrows,No arrows,0,No arrows,No arrows,0,No arrows,No arrows,0,No arrows,No arrows,0,No arrows,No arrows,137,7,2,176,5,Not Active,Not Active,Not Active,Not Active,Not Active,Not Active,Not Active,0,Not Active,Not Active,Not Active,Not Active,Not Active,Not Active,Not Active,0,Not Active,Not Active,Not Active,Not Active,Not Active,Not Active,Not Active,0,Not Active,Not Active,Not Active,Not Active,Not Active,Not Active,Not Active,0,Not Active,Not Active,Not Active,Not Active,Not Active,Not Active,Not Active,0,192,186,327,327,300,-3,2,-2,-12,-2,-11,-6,-9,-6,-14,0,0,140,0.133752,0,0,0,5,0,0,0,Not Active,Not Active,Not Active,0,0,0,1,8,173,147,Not Active,Not Active,Not Active,Not Active,Not Active,Not Active,Not Active,0,GPS,12,57,0,51.41909183,-2.583402833,1/17/2023,12:14:59,0,0,,,
35,18,122138,UK,33kHz (32768Hz),Active,Peak,None,Internal,Not updated,0,Off,0,OFF,0,Li-Ion,0,Standby,50Hz,Line,Null,Metric,0,on,off,on,off,on,off,off,on,UNK,Power Transmission,MKP5,0,0,3,021cd537-8254-49e7-b560-d1f7917443fb,16,25,32,27,28,24,20,17,19,18,15,11,14,11,17,22,24,19,17,15,12,10,8,10,8,0,No arrows,No arrows,0,No arrows,No arrows,0,No arrows,No arrows,0,No arrows,No arrows,0,No arrows,No arrows,155,5,61,75,96,Not Active,Not Active,Not Active,Not Active,Not Active,Not Active,Not Active,0,Not Active,Not Active,Not Active,Not Active,Not Active,Not Active,Not Active,0,Not Active,Not Active,Not Active,Not Active,Not Active,Not Active,Not Active,0,Not Active,Not Active,Not Active,Not Active,Not Active,Not Active,Not Active,0,Not Active,Not Active,Not Active,Not Active,Not Active,Not Active,Not Active,0,300,255,218,218,207,-3,2,-5,-9,0,-14,-7,-7,-6,-16,0,0,140,0.0947944,0,0,0,96,0,0,0,Not Active,Not Active,Not Active,0,0,0,1,8,173,147,Not Active,Not Active,Not Active,Not Active,Not Active,Not Active,Not Active,0,GPS,12,57,0,51.4190855,-2.583399333,1/17/2023,12:15:00,0,0,,,
36,18,122139,UK,33kHz (32768Hz),Active,Peak,None,Internal,Not updated,0,Off,0,OFF,0,Li-Ion,0,Standby,50Hz,Line,Null,Metric,0,on,off,on,off,on,off,off,on,UNK,Power Transmission,MKP5,0,0,3,021cd537-8254-49e7-b560-d1f7917443fb,6,5,4,5,15,34,28,25,21,18,14,13,11,9,7,6,11,12,13,11,18,15,13,11,9,0,No arrows,No arrows,0,No arrows,No arrows,0,No arrows,No arrows,0,No arrows,No arrows,0,No arrows,No arrows,84,64,80,79,83,Not Active,Not Active,Not Active,Not Active,Not Active,Not Active,Not Active,0,Not Active,Not Active,Not Active,Not Active,Not Active,Not Active,Not Active,0,Not Active,Not Active,Not Active,Not Active,Not Active,Not Active,Not Active,0,Not Active,Not Active,Not Active,Not Active,Not Active,Not Active,Not Active,0,Not Active,Not Active,Not Active,Not Active,Not Active,Not Active,Not Active,0,97,97,266,266,140,-2,-8,-1,-11,-2,-11,-11,-3,-9,-19,0,0,140,0.110615,0,0,0,83,0,0,0,Not Active,Not Active,Not Active,0,0,0,1,8,173,147,Not Active,Not Active,Not Active,Not Active,Not Active,Not Active,Not Active,0,GPS,12,58,0,51.419078,-2.583389,1/17/2023,12:15:01,0,0,,,
37,18,122140,UK,33kHz (32768Hz),Active,Peak,None,Internal,Not updated,0,Off,0,OFF,0,Li-Ion,0,Standby,50Hz,Line,Null,Metric,0,on,off,on,off,on,off,off,on,UNK,Power Transmission,MKP5,0,0,3,021cd537-8254-49e7-b560-d1f7917443fb,9,17,17,15,14,18,19,27,24,21,17,13,11,9,8,10,8,7,6,9,8,6,5,11,8,0,No arrows,No arrows,0,No arrows,No arrows,0,No arrows,No arrows,0,No arrows,No arrows,0,No arrows,No arrows,65,62,88,85,82,Not Active,Not Active,Not Active,Not Active,Not Active,Not Active,Not Active,0,Not Active,Not Active,Not Active,Not Active,Not Active,Not Active,Not Active,0,Not Active,Not Active,Not Active,Not Active,Not Active,Not Active,Not Active,0,Not Active,Not Active,Not Active,Not Active,Not Active,Not Active,Not Active,0,Not Active,Not Active,Not Active,Not Active,Not Active,Not Active,Not Active,0,172,172,235,235,101,-1,-11,-3,-8,-3,-9,-10,-5,-2,-13,0,0,140,0.100244,0,0,0,82,0,0,0,Not Active,Not Active,Not Active,0,0,0,1,8,173,147,Not Active,Not Active,Not Active,Not Active,Not Active,Not Active,Not Active,0,GPS,12,57,0,51.41906983,-2.583381,1/17/2023,12:15:02,0,0,,,
38,18,122141,UK,33kHz (32768Hz),Active,Peak,None,Internal,Not updated,0,Off,0,OFF,0,Li-Ion,0,Standby,50Hz,Line,Null,Metric,0,on,off,on,off,on,off,off,on,UNK,Power Transmission,MKP5,0,0,3,021cd537-8254-49e7-b560-d1f7917443fb,9,10,8,6,5,4,9,7,13,24,19,16,15,13,26,25,21,22,18,15,16,13,12,12,9,0,No arrows,No arrows,0,No arrows,No arrows,0,No arrows,No arrows,0,No arrows,No arrows,0,No arrows,No arrows,89,112,119,98,96,Not Active,Not Active,Not Active,Not Active,Not Active,Not Active,Not Active,0,Not Active,Not Active,Not Active,Not Active,Not Active,Not Active,Not Active,0,Not Active,Not Active,Not Active,Not Active,Not Active,Not Active,Not Active,0,Not Active,Not Active,Not Active,Not Active,Not Active,Not Active,Not Active,0,Not Active,Not Active,Not Active,Not Active,Not Active,Not Active,Not Active,0,99,99,154,154,237,0,-5,-1,-7,-3,-2,-8,-4,-3,-12,0,0,140,0.116566,0,0,0,96,0,0,0,Not Active,Not Active,Not Active,0,0,0,1,8,173,147,Not Active,Not Active,Not Active,Not Active,Not Active,Not Active,Not Active,0,GPS,12,58,0,51.41905617,-2.5833645,1/17/2023,12:15:03,0,0,,,
39,18,122142,UK,33kHz (32768Hz),Active,Peak,None,Internal,Not updated,0,Off,0,OFF,0,Li-Ion,0,Standby,50Hz,Line,Null,Metric,0,on,off,on,off,on,off,off,on,UNK,Power Transmission,MKP5,0,0,3,021cd537-8254-49e7-b560-d1f7917443fb,10,11,10,10,15,13,10,11,9,7,5,14,17,14,11,9,26,25,23,22,17,13,11,11,9,0,No arrows,No arrows,0,No arrows,No arrows,0,No arrows,No arrows,0,No arrows,No arrows,0,No arrows,No arrows,117,86,87,70,85,Not Active,Not Active,Not Active,Not Active,Not Active,Not Active,Not Active,0,Not Active,Not Active,Not Active,Not Active,Not Active,Not Active,Not Active,0,Not Active,Not Active,Not Active,Not Active,Not Active,Not Active,Not Active,0,Not Active,Not Active,Not Active,Not Active,Not Active,Not Active,Not Active,0,Not Active,Not Active,Not Active,Not Active,Not Active,Not Active,Not Active,0,141,141,133,133,226,0,-2,-5,-9,-3,-3,-10,-5,-5,-11,0,0,140,0.125623,0,0,0,85,0,0,0,Not Active,Not Active,Not Active,0,0,0,1,8,173,147,Not Active,Not Active,Not Active,Not Active,Not Active,Not Active,Not Active,0,GPS,12,57,0,51.41904667,-2.583354667,1/17/2023,12:15:04,0,0,,,
40,18,122143,UK,33kHz (32768Hz),Active,Peak,None,Internal,Not updated,0,Off,0,OFF,0,Li-Ion,0,Standby,50Hz,Line,Null,Metric,0,on,off,on,off,on,off,off,on,UNK,Power Transmission,MKP5,0,0,3,021cd537-8254-49e7-b560-d1f7917443fb,11,9,24,19,17,16,15,14,13,14,13,17,15,13,10,14,12,10,8,7,10,9,7,9,24,0,No arrows,No arrows,0,No arrows,No arrows,0,No arrows,No arrows,0,No arrows,No arrows,0,No arrows,No arrows,100,93,125,104,78,Not Active,Not Active,Not Active,Not Active,Not Active,Not Active,Not Active,0,Not Active,Not Active,Not Active,Not Active,Not Active,Not Active,Not Active,0,Not Active,Not Active,Not Active,Not Active,Not Active,Not Active,Not Active,0,Not Active,Not Active,Not Active,Not Active,Not Active,Not Active,Not Active,0,Not Active,Not Active,Not Active,Not Active,Not Active,Not Active,Not Active,0,173,173,190,190,136,-1,-4,-3,-7,-4,-1,-11,-6,-6,-13,0,0,140,0.295469,0,0,0,78,0,0,0,Not Active,Not Active,Not Active,0,0,0,1,8,173,147,Not Active,Not Active,Not Active,Not Active,Not Active,Not Active,Not Active,0,GPS,12,58,0,51.41903633,-2.583337,1/17/2023,12:15:05,0,0,,,
41,18,122144,UK,33kHz (32768Hz),Active,Peak,None,Internal,Not updated,0,Off,0,OFF,0,Li-Ion,0,Standby,50Hz,Line,Null,Metric,0,on,off,on,off,on,off,off,on,UNK,Power Transmission,MKP5,0,0,3,021cd537-8254-49e7-b560-d1f7917443fb,21,17,15,16,13,12,27,25,26,23,20,20,19,15,13,11,11,19,15,12,9,7,19,17,14,0,No arrows,No arrows,0,No arrows,No arrows,0,No arrows,No arrows,0,No arrows,No arrows,0,No arrows,No arrows,86,83,88,90,84,Not Active,Not Active,Not Active,Not Active,Not Active,Not Active,Not Active,0,Not Active,Not Active,Not Active,Not Active,Not Active,Not Active,Not Active,0,Not Active,Not Active,Not Active,Not Active,Not Active,Not Active,Not Active,0,Not Active,Not Active,Not Active,Not Active,Not Active,Not Active,Not Active,0,Not Active,Not Active,Not Active,Not Active,Not Active,Not Active,Not Active,0,186,186,262,262,181,2,-9,-3,-6,2,-2,-14,-8,-12,-15,0,0,140,0.170377,0,0,0,84,0,0,0,Not Active,Not Active,Not Active,0,0,0,1,8,173,147,Not Active,Not Active,Not Active,Not Active,Not Active,Not Active,Not Active,0,GPS,12,58,0,51.419028,-2.583325833,1/17/2023,12:15:06,0,0,,,
42,18,122145,UK,33kHz (32768Hz),Active,Peak,None,Internal,Not updated,0,Off,0,OFF,0,Li-Ion,0,Standby,50Hz,Line,Null,Metric,0,on,off,on,off,on,off,off,on,UNK,Power Transmission,MKP5,0,0,3,021cd537-8254-49e7-b560-d1f7917443fb,14,12,12,9,7,7,7,7,5,4,5,4,4,3,13,13,11,8,6,7,7,5,5,6,5,0,No arrows,No arrows,0,No arrows,No arrows,0,No arrows,No arrows,0,No arrows,No arrows,0,No arrows,No arrows,99,92,89,85,74,Not Active,Not Active,Not Active,Not Active,Not Active,Not Active,Not Active,0,Not Active,Not Active,Not Active,Not Active,Not Active,Not Active,Not Active,0,Not Active,Not Active,Not Active,Not Active,Not Active,Not Active,Not Active,0,Not Active,Not Active,Not Active,Not Active,Not Active,Not Active,Not Active,0,Not Active,Not Active,Not Active,Not Active,Not Active,Not Active,Not Active,0,163,163,74,74,100,4,-25,-23,-16,-22,-6,9,-10,-2,-15,0,0,140,0.0631913,0,0,0,74,0,0,0,Not Active,Not Active,Not Active,0,0,0,1,8,173,147,Not Active,Not Active,Not Active,Not Active,Not Active,Not Active,Not Active,0,GPS,12,59,0,51.41901867,-2.583313833,1/17/2023,12:15:07,0,0,,,
43,18,122146,UK,33kHz (32768Hz),Active,Peak,None,Internal,Not updated,0,Off,0,OFF,0,Li-Ion,0,Standby,50Hz,Line,Null,Metric,0,on,off,on,off,on,off,off,on,UNK,Power Transmission,MKP5,0,0,3,021cd537-8254-49e7-b560-d1f7917443fb,4,3,3,2,2,12,12,13,11,8,7,5,4,3,9,7,6,4,3,6,9,12,15,25,23,0,No arrows,No arrows,0,No arrows,No arrows,0,No arrows,No arrows,0,No arrows,No arrows,0,No arrows,No arrows,77,88,80,83,57,Not Active,Not Active,Not Active,Not Active,Not Active,Not Active,Not Active,0,Not Active,Not Active,Not Active,Not Active,Not Active,Not Active,Not Active,0,Not Active,Not Active,Not Active,Not Active,Not Active,Not Active,Not Active,0,Not Active,Not Active,Not Active,Not Active,Not Active,Not Active,Not Active,0,Not Active,Not Active,Not Active,Not Active,Not Active,Not Active,Not Active,0,57,57,99,99,69,-6,1,-1,-3,-4,-7,-5,-3,-10,-7,0,0,140,0.284038,0,0,0,57,0,0,0,Not Active,Not Active,Not Active,0,0,0,1,8,173,147,Not Active,Not Active,Not Active,Not Active,Not Active,Not Active,Not Active,0,GPS,12,59,0,51.41900833,-2.583304667,1/17/2023,12:15:08,0,0,,,
44,18,122147,UK,33kHz (32768Hz),Active,Peak,None,Internal,Not updated,0,Off,0,OFF,0,Li-Ion,0,Standby,50Hz,Line,Null,Metric,0,on,off,on,off,on,off,off,on,UNK,Power Transmission,MKP5,0,0,3,021cd537-8254-49e7-b560-d1f7917443fb,19,15,12,10,11,12,10,8,7,5,6,9,7,6,4,4,7,6,5,4,5,4,3,2,3,0,No arrows,No arrows,0,No arrows,No arrows,0,No arrows,No arrows,0,No arrows,No arrows,0,No arrows,No arrows,79,50,36,85,105,Not Active,Not Active,Not Active,Not Active,Not Active,Not Active,Not Active,0,Not Active,Not Active,Not Active,Not Active,Not Active,Not Active,Not Active,0,Not Active,Not Active,Not Active,Not Active,Not Active,Not Active,Not Active,0,Not Active,Not Active,Not Active,Not Active,Not Active,Not Active,Not Active,0,Not Active,Not Active,Not Active,Not Active,Not Active,Not Active,Not Active,0,203,203,110,110,66,4,-6,0,-5,-4,-6,-17,-7,-14,-9,0,0,140,0.0350978,0,0,0,105,0,0,0,Not Active,Not Active,Not Active,0,0,0,1,8,173,147,Not Active,Not Active,Not Active,Not Active,Not Active,Not Active,Not Active,0,GPS,12,59,0,51.41899817,-2.583297667,1/17/2023,12:15:09,0,0,,,
45,18,122148,UK,33kHz (32768Hz),Active,Peak,None,Internal,Not updated,0,Off,0,OFF,0,Li-Ion,0,Standby,50Hz,Line,Null,Metric,0,on,off,on,off,on,off,off,on,UNK,Power Transmission,MKP5,0,0,3,021cd537-8254-49e7-b560-d1f7917443fb,2,6,16,13,12,9,7,6,4,3,3,2,2,3,9,10,8,6,5,7,6,4,4,4,5,0,No arrows,No arrows,0,No arrows,No arrows,0,No arrows,No arrows,0,No arrows,No arrows,0,No arrows,No arrows,91,87,80,82,89,Not Active,Not Active,Not Active,Not Active,Not Active,Not Active,Not Active,0,Not Active,Not Active,Not Active,Not Active,Not Active,Not Active,Not Active,0,Not Active,Not Active,Not Active,Not Active,Not Active,Not Active,Not Active,0,Not Active,Not Active,Not Active,Not Active,Not Active,Not Active,Not Active,0,Not Active,Not Active,Not Active,Not Active,Not Active,Not Active,Not Active,0,68,68,86,86,72,9,-4,2,-6,-2,-7,-19,-6,-13,-11,0,0,140,0.0665674,0,0,0,89,0,0,0,Not Active,Not Active,Not Active,0,0,0,1,8,173,147,Not Active,Not Active,Not Active,Not Active,Not Active,Not Active,Not Active,0,GPS,12,59,0,51.41898633,-2.583284667,1/17/2023,12:15:10,0,0,,,
46,18,122149,UK,33kHz (32768Hz),Active,Peak,None,Internal,Not updated,0,Off,0,OFF,0,Li-Ion,0,Standby,50Hz,Line,Null,Metric,0,on,off,on,off,on,off,off,on,UNK,Power Transmission,MKP5,0,0,3,021cd537-8254-49e7-b560-d1f7917443fb,6,5,10,8,6,8,7,5,4,3,3,2,2,1,1,3,4,3,3,2,3,2,2,1,10,0,No arrows,No arrows,0,No arrows,No arrows,0,No arrows,No arrows,0,No arrows,No arrows,0,No arrows,No arrows,104,100,70,94,58,Not Active,Not Active,Not Active,Not Active,Not Active,Not Active,Not Active,0,Not Active,Not Active,Not Active,Not Active,Not Active,Not Active,Not Active,0,Not Active,Not Active,Not Active,Not Active,Not Active,Not Active,Not Active,0,Not Active,Not Active,Not Active,Not Active,Not Active,Not Active,Not Active,0,Not Active,Not Active,Not Active,Not Active,Not Active,Not Active,Not Active,0,67,67,69,30,30,14,-2,4,-3,-3,-9,-14,-4,-11,-7,0,0,140,0.127679,0,0,0,58,0,0,0,Not Active,Not Active,Not Active,0,0,0,1,8,173,147,Not Active,Not Active,Not Active,Not Active,Not Active,Not Active,Not Active,0,GPS,12,59,0,51.4189755,-2.583273333,1/17/2023,12:15:11,0,0,,,
47,18,122150,UK,33kHz (32768Hz),Active,Peak,None,Internal,Not updated,0,Off,0,OFF,0,Li-Ion,0,Standby,50Hz,Line,Null,Metric,0,on,off,on,off,on,off,off,on,UNK,Power Transmission,MKP5,0,0,3,021cd537-8254-49e7-b560-d1f7917443fb,8,6,5,4,11,10,8,7,6,5,5,4,3,2,4,3,3,5,4,3,2,2,1,4,3,0,No arrows,No arrows,0,No arrows,No arrows,0,No arrows,No arrows,0,No arrows,No arrows,0,No arrows,No arrows,84,91,80,87,71,Not Active,Not Active,Not Active,Not Active,Not Active,Not Active,Not Active,0,Not Active,Not Active,Not Active,Not Active,Not Active,Not Active,Not Active,0,Not Active,Not Active,Not Active,Not Active,Not Active,Not Active,Not Active,0,Not Active,Not Active,Not Active,Not Active,Not Active,Not Active,Not Active,0,Not Active,Not Active,Not Active,Not Active,Not Active,Not Active,Not Active,0,54,54,85,42,42,12,-1,14,-1,-1,-9,-15,4,-7,-7,0,0,140,0.0349311,0,0,0,71,0,0,0,Not Active,Not Active,Not Active,0,0,0,1,8,173,147,Not Active,Not Active,Not Active,Not Active,Not Active,Not Active,Not Active,0,GPS,12,60,0,51.41896483,-2.583263167,1/17/2023,12:15:12,0,0,,,
48,18,122151,UK,33kHz (32768Hz),Active,Peak,None,Internal,Not updated,0,Off,0,OFF,0,Li-Ion,0,Standby,50Hz,Line,Null,Metric,0,on,off,on,off,on,off,off,on,UNK,Power Transmission,MKP5,0,0,3,021cd537-8254-49e7-b560-d1f7917443fb,2,2,1,1,3,2,5,4,4,3,6,5,7,6,4,3,5,5,5,4,3,2,2,1,1,0,No arrows,No arrows,0,No arrows,No arrows,0,No arrows,No arrows,0,No arrows,No arrows,0,No arrows,No arrows,87,80,89,90,86,Not Active,Not Active,Not Active,Not Active,Not Active,Not Active,Not Active,0,Not Active,Not Active,Not Active,Not Active,Not Active,Not Active,Not Active,0,Not Active,Not Active,Not Active,Not Active,Not Active,Not Active,Not Active,0,Not Active,Not Active,Not Active,Not Active,Not Active,Not Active,Not Active,0,Not Active,Not Active,Not Active,Not Active,Not Active,Not Active,Not Active,0,27,27,39,59,59,3,-6,9,-4,-1,-8,-11,-1,-11,-10,0,0,140,0.0129219,0,0,0,86,0,0,0,Not Active,Not Active,Not Active,0,0,0,1,8,173,147,Not Active,Not Active,Not Active,Not Active,Not Active,Not Active,Not Active,0,GPS,12,60,0,51.41895367,-2.583249833,1/17/2023,12:15:13,0,0,,,
49,18,122152,UK,33kHz (32768Hz),Active,Peak,None,Internal,Not updated,0,Off,0,OFF,0,Li-Ion,0,Standby,50Hz,Line,Null,Metric,0,on,off,on,off,on,off,off,on,UNK,Power Transmission,MKP5,0,0,3,021cd537-8254-49e7-b560-d1f7917443fb,1,1,1,0,1,4,3,3,2,3,2,2,4,4,3,2,2,2,2,2,5,4,8,8,6,0,No arrows,No arrows,0,No arrows,No arrows,0,No arrows,No arrows,0,No arrows,No arrows,0,No arrows,No arrows,87,79,94,94,85,Not Active,Not Active,Not Active,Not Active,Not Active,Not Active,Not Active,0,Not Active,Not Active,Not Active,Not Active,Not Active,Not Active,Not Active,0,Not Active,Not Active,Not Active,Not Active,Not Active,Not Active,Not Active,0,Not Active,Not Active,Not Active,Not Active,Not Active,Not Active,Not Active,0,Not Active,Not Active,Not Active,Not Active,Not Active,Not Active,Not Active,0,21,21,24,31,31,3,-5,14,-8,-3,-13,-12,-1,-8,-10,0,0,140,0.0771018,0,0,0,85,0,0,0,Not Active,Not Active,Not Active,0,0,0,1,8,173,147,Not Active,Not Active,Not Active,Not Active,Not Active,Not Active,Not Active,0,GPS,12,60,0,51.41894333,-2.583239,1/17/2023,12:15:14,0,0,,,
50,18,122153,UK,33kHz (32768Hz),Active,Peak,None,Internal,Not updated,0,Off,0,OFF,0,Li-Ion,0,Standby,50Hz,Line,Null,Metric,0,on,off,on,off,on,off,off,on,UNK,Power Transmission,MKP5,0,0,3,021cd537-8254-49e7-b560-d1f7917443fb,10,8,7,6,5,4,3,2,2,2,1,9,7,5,5,10,8,6,5,4,10,10,8,6,5,0,No arrows,No arrows,0,No arrows,No arrows,0,No arrows,No arrows,0,No arrows,No arrows,0,No arrows,No arrows,118,93,85,99,105,Not Active,Not Active,Not Active,Not Active,Not Active,Not Active,Not Active,0,Not Active,Not Active,Not Active,Not Active,Not Active,Not Active,Not Active,0,Not Active,Not Active,Not Active,Not Active,Not Active,Not Active,Not Active,0,Not Active,Not Active,Not Active,Not Active,Not Active,Not Active,Not Active,0,Not Active,Not Active,Not Active,Not Active,Not Active,Not Active,Not Active,0,81,81,45,90,90,3,-6,11,-6,-2,-12,-14,-4,-9,-13,0,0,140,0.0609935,0,0,0,105,0,0,0,Not Active,Not Active,Not Active,0,0,0,1,8,173,147,Not Active,Not Active,Not Active,Not Active,Not Active,Not Active,Not Active,0,GPS,12,60,0,51.41893317,-2.583227167,1/17/2023,12:15:15,0,0,,,
51,18,122154,UK,33kHz (32768Hz),Active,Peak,None,Internal,Not updated,0,Off,0,OFF,0,Li-Ion,0,Standby,50Hz,Line,Null,Metric,0,on,off,on,off,on,off,off,on,UNK,Power Transmission,MKP5,0,0,3,021cd537-8254-49e7-b560-d1f7917443fb,9,9,7,5,9,13,10,8,6,5,13,18,15,13,10,10,8,6,5,13,10,12,10,16,14,0,No arrows,No arrows,0,No arrows,No arrows,0,No arrows,No arrows,0,No arrows,No arrows,0,No arrows,No arrows,97,82,100,96,75,Not Active,Not Active,Not Active,Not Active,Not Active,Not Active,Not Active,0,Not Active,Not Active,Not Active,Not Active,Not Active,Not Active,Not Active,0,Not Active,Not Active,Not Active,Not Active,Not Active,Not Active,Not Active,0,Not Active,Not Active,Not Active,Not Active,Not Active,Not Active,Not Active,0,Not Active,Not Active,Not Active,Not Active,Not Active,Not Active,Not Active,0,92,92,101,142,142,-4,-3,14,-5,-5,-13,-13,0,-7,-13,0,0,140,0.173297,0,0,0,75,0,0,0,Not Active,Not Active,Not Active,0,0,0,1,8,173,147,Not Active,Not Active,Not Active,Not Active,Not Active,Not Active,Not Active,0,GPS,12,60,0,51.418922,-2.583214167,1/17/2023,12:15:16,0,0,,,
52,18,122155,UK,33kHz (32768Hz),Active,Peak,None,Internal,Not updated,0,Off,0,OFF,0,Li-Ion,0,Standby,50Hz,Line,Null,Metric,0,on,off,on,off,on,off,off,on,UNK,Power Transmission,MKP5,0,0,3,021cd537-8254-49e7-b560-d1f7917443fb,13,10,8,7,7,6,6,7,14,11,9,7,5,4,3,3,2,2,1,1,1,1,11,14,11,0,No arrows,No arrows,0,No arrows,No arrows,0,No arrows,No arrows,0,No arrows,No arrows,0,No arrows,No arrows,96,84,88,114,117,Not Active,Not Active,Not Active,Not Active,Not Active,Not Active,Not Active,0,Not Active,Not Active,Not Active,Not Active,Not Active,Not Active,Not Active,0,Not Active,Not Active,Not Active,Not Active,Not Active,Not Active,Not Active,0,Not Active,Not Active,Not Active,Not Active,Not Active,Not Active,Not Active,0,Not Active,Not Active,Not Active,Not Active,Not Active,Not Active,Not Active,0,152,152,110,51,51,-1,-6,5,-10,-7,-13,-14,0,-11,-14,0,0,140,0.131438,0,0,0,117,0,0,0,Not Active,Not Active,Not Active,0,0,0,1,8,173,147,Not Active,Not Active,Not Active,Not Active,Not Active,Not Active,Not Active,0,GPS,12,60,0,51.41890967,-2.5832015,1/17/2023,12:15:17,0,0,,,
53,18,122156,UK,33kHz (32768Hz),Active,Peak,None,Internal,Not updated,0,Off,0,OFF,0,Li-Ion,0,Standby,50Hz,Line,Null,Metric,0,on,off,on,off,on,off,off,on,UNK,Power Transmission,MKP5,0,0,3,021cd537-8254-49e7-b560-d1f7917443fb,8,9,14,12,9,7,6,4,3,3,9,7,6,5,4,3,2,4,3,3,2,2,1,1,1,0,No arrows,No arrows,0,No arrows,No arrows,0,No arrows,No arrows,0,No arrows,No arrows,0,No arrows,No arrows,89,110,103,93,85,Not Active,Not Active,Not Active,Not Active,Not Active,Not Active,Not Active,0,Not Active,Not Active,Not Active,Not Active,Not Active,Not Active,Not Active,0,Not Active,Not Active,Not Active,Not Active,Not Active,Not Active,Not Active,0,Not Active,Not Active,Not Active,Not Active,Not Active,Not Active,Not Active,0,Not Active,Not Active,Not Active,Not Active,Not Active,Not Active,Not Active,0,81,81,96,62,62,20,0,18,7,18,-14,-15,-1,-16,-7,0,0,140,0.00908849,0,0,0,85,0,0,0,Not Active,Not Active,Not Active,0,0,0,1,8,173,147,Not Active,Not Active,Not Active,Not Active,Not Active,Not Active,Not Active,0,GPS,12,60,0,51.41889733,-2.5831905,1/17/2023,12:15:18,0,0,,,
54,18,122157,UK,33kHz (32768Hz),Active,Peak,None,Internal,Not updated,0,Off,0,OFF,0,Li-Ion,0,Standby,50Hz,Line,Null,Metric,0,on,off,on,off,on,off,off,on,UNK,Power Transmission,MKP5,0,0,3,021cd537-8254-49e7-b560-d1f7917443fb,1,2,3,3,2,2,1,1,1,1,1,0,1,1,1,0,0,0,0,11,8,7,7,7,6,0,No arrows,No arrows,0,No arrows,No arrows,0,No arrows,No arrows,0,No arrows,No arrows,0,No arrows,No arrows,69,42,68,98,104,Not Active,Not Active,Not Active,Not Active,Not Active,Not Active,Not Active,0,Not Active,Not Active,Not Active,Not Active,Not Active,Not Active,Not Active,0,Not Active,Not Active,Not Active,Not Active,Not Active,Not Active,Not Active,0,Not Active,Not Active,Not Active,Not Active,Not Active,Not Active,Not Active,0,Not Active,Not Active,Not Active,Not Active,Not Active,Not Active,Not Active,0,19,19,21,6,6,21,6,-6,-2,1,-11,-9,3,-16,-1,0,0,140,0.0676762,0,0,0,104,0,0,0,Not Active,Not Active,Not Active,0,0,0,1,8,173,147,Not Active,Not Active,Not Active,Not Active,Not Active,Not Active,Not Active,0,GPS,12,60,0,51.41889033,-2.583179833,1/17/2023,12:15:19,0,0,,,
55,18,122158,UK,33kHz (32768Hz),Active,Peak,None,Internal,Not updated,0,Off,0,OFF,0,Li-Ion,0,Standby,50Hz,Line,Null,Metric,0,on,off,on,off,on,off,off,on,UNK,Power Transmission,MKP5,0,0,3,021cd537-8254-49e7-b560-d1f7917443fb,5,5,10,8,9,8,7,6,5,4,3,3,5,4,3,3,12,10,9,9,8,6,5,4,14,0,No arrows,No arrows,0,No arrows,No arrows,0,No arrows,No arrows,0,No arrows,No arrows,0,No arrows,No arrows,101,85,81,87,80,Not Active,Not Active,Not Active,Not Active,Not Active,Not Active,Not Active,0,Not Active,Not Active,Not Active,Not Active,Not Active,Not Active,Not Active,0,Not Active,Not Active,Not Active,Not Active,Not Active,Not Active,Not Active,0,Not Active,Not Active,Not Active,Not Active,Not Active,Not Active,Not Active,0,Not Active,Not Active,Not Active,Not Active,Not Active,Not Active,Not Active,0,83,83,89,64,64,-1,-3,2,-10,1,-8,0,0,-14,1,0,0,140,0.177091,0,0,0,80,0,0,0,Not Active,Not Active,Not Active,0,0,0,1,8,173,147,Not Active,Not Active,Not Active,Not Active,Not Active,Not Active,Not Active,0,GPS,12,60,0,51.418881,-2.58317,1/17/2023,12:15:20,0,0,,,
56,18,122159,UK,33kHz (32768Hz),Active,Peak,None,Internal,Not updated,0,Off,0,OFF,0,Li-Ion,0,Standby,50Hz,Line,Null,Metric,0,on,off,on,off,on,off,off,on,UNK,Power Transmission,MKP5,0,0,3,021cd537-8254-49e7-b560-d1f7917443fb,11,9,7,6,5,4,3,2,9,7,11,10,8,6,5,5,6,15,18,14,13,11,8,7,5,0,No arrows,No arrows,0,No arrows,No arrows,0,No arrows,No arrows,0,No arrows,No arrows,0,No arrows,No arrows,95,100,105,105,90,Not Active,Not Active,Not Active,Not Active,Not Active,Not Active,Not Active,0,Not Active,Not Active,Not Active,Not Active,Not Active,Not Active,Not Active,0,Not Active,Not Active,Not Active,Not Active,Not Active,Not Active,Not Active,0,Not Active,Not Active,Not Active,Not Active,Not Active,Not Active,Not Active,0,Not Active,Not Active,Not Active,Not Active,Not Active,Not Active,Not Active,0,101,71,71,99,99,1,-2,-3,-11,0,-16,0,-5,-17,-4,0,0,140,0.0631621,0,0,0,90,0,0,0,Not Active,Not Active,Not Active,0,0,0,1,8,173,147,Not Active,Not Active,Not Active,Not Active,Not Active,Not Active,Not Active,0,GPS,12,60,0,51.4188695,-2.583157333,1/17/2023,12:15:21,0,0,,,
57,18,122160,UK,33kHz (32768Hz),Active,Peak,None,Internal,Not updated,0,Off,0,OFF,0,Li-Ion,0,Standby,50Hz,Line,Null,Metric,0,on,off,on,off,on,off,off,on,UNK,Power Transmission,MKP5,0,0,3,021cd537-8254-49e7-b560-d1f7917443fb,4,3,3,5,4,9,8,7,5,4,3,7,6,8,10,9,7,6,11,18,15,14,12,10,8,0,No arrows,No arrows,0,No arrows,No arrows,0,No arrows,No arrows,0,No arrows,No arrows,0,No arrows,No arrows,91,97,84,67,85,Not Active,Not Active,Not Active,Not Active,Not Active,Not Active,Not Active,0,Not Active,Not Active,Not Active,Not Active,Not Active,Not Active,Not Active,0,Not Active,Not Active,Not Active,Not Active,Not Active,Not Active,Not Active,0,Not Active,Not Active,Not Active,Not Active,Not Active,Not Active,Not Active,0,Not Active,Not Active,Not Active,Not Active,Not Active,Not Active,Not Active,0,124,67,67,87,87,8,-2,-8,-8,-3,-12,-4,-5,-11,0,0,0,140,0.113448,0,0,0,85,0,0,0,Not Active,Not Active,Not Active,0,0,0,1,8,173,147,Not Active,Not Active,Not Active,Not Active,Not Active,Not Active,Not Active,0,GPS,12,60,0,51.41885917,-2.583148167,1/17/2023,12:15:22,0,0,,,
58,18,122161,UK,33kHz (32768Hz),Active,Peak,None,Internal,Not updated,0,Off,0,OFF,0,Li-Ion,0,Standby,50Hz,Line,Null,Metric,0,on,off,on,off,on,off,off,on,UNK,Power Transmission,MKP5,0,0,3,021cd537-8254-49e7-b560-d1f7917443fb,8,7,6,4,4,3,3,3,4,3,9,7,6,5,4,73,62,63,49,40,31,24,19,15,12,0,No arrows,No arrows,0,No arrows,No arrows,0,No arrows,No arrows,0,No arrows,No arrows,0,No arrows,No arrows,89,81,80,70,81,Not Active,Not Active,Not Active,Not Active,Not Active,Not Active,Not Active,0,Not Active,Not Active,Not Active,Not Active,Not Active,Not Active,Not Active,0,Not Active,Not Active,Not Active,Not Active,Not Active,Not Active,Not Active,0,Not Active,Not Active,Not Active,Not Active,Not Active,Not Active,Not Active,0,Not Active,Not Active,Not Active,Not Active,Not Active,Not Active,Not Active,0,151,52,52,318,318,0,-1,-4,-4,6,-9,-2,-6,-11,1,0,0,140,0.148387,0,0,0,81,0,0,0,Not Active,Not Active,Not Active,0,0,0,1,8,173,147,Not Active,Not Active,Not Active,Not Active,Not Active,Not Active,Not Active,0,GPS,12,60,0,51.41884783,-2.583135167,1/17/2023,12:15:23,0,0,,,
59,18,122162,UK,33kHz (32768Hz),Active,Peak,None,Internal,Not updated,0,Off,0,OFF,0,Li-Ion,0,Standby,50Hz,Line,Null,Metric,0,on,off,on,off,on,off,off,on,UNK,Power Transmission,MKP5,0,0,3,021cd537-8254-49e7-b560-d1f7917443fb,10,8,6,5,4,3,8,7,7,6,15,13,11,10,10,12,11,21,16,13,11,9,7,5,4,0,No arrows,No arrows,0,No arrows,No arrows,0,No arrows,No arrows,0,No arrows,No arrows,0,No arrows,No arrows,92,100,104,104,97,Not Active,Not Active,Not Active,Not Active,Not Active,Not Active,Not Active,0,Not Active,Not Active,Not Active,Not Active,Not Active,Not Active,Not Active,0,Not Active,Not Active,Not Active,Not Active,Not Active,Not Active,Not Active,0,Not Active,Not Active,Not Active,Not Active,Not Active,Not Active,Not Active,0,Not Active,Not Active,Not Active,Not Active,Not Active,Not Active,Not Active,0,343,78,78,149,149,-4,0,-9,-1,5,-12,0,-7,-5,2,0,0,140,0.0523187,0,0,0,97,0,0,0,Not Active,Not Active,Not Active,0,0,0,1,8,173,147,Not Active,Not Active,Not Active,Not Active,Not Active,Not Active,Not Active,0,GPS,12,60,0,51.41883717,-2.583121167,1/17/2023,12:15:24,0,0,,,
60,18,122163,UK,33kHz (32768Hz),Active,Peak,None,Internal,Not updated,0,Off,0,OFF,0,Li-Ion,0,Standby,50Hz,Line,Null,Metric,0,on,off,on,off,on,off,off,on,UNK,Power Transmission,MKP5,0,0,3,021cd537-8254-49e7-b560-d1f7917443fb,3,4,11,16,17,19,16,12,10,9,11,8,13,11,8,7,5,6,5,4,8,14,11,8,7,0,No arrows,No arrows,0,No arrows,No arrows,0,No arrows,No arrows,0,No arrows,No arrows,0,No arrows,No arrows,91,83,92,89,81,Not Active,Not Active,Not Active,Not Active,Not Active,Not Active,Not Active,0,Not Active,Not Active,Not Active,Not Active,Not Active,Not Active,Not Active,0,Not Active,Not Active,Not Active,Not Active,Not Active,Not Active,Not Active,0,Not Active,Not Active,Not Active,Not Active,Not Active,Not Active,Not Active,0,Not Active,Not Active,Not Active,Not Active,Not Active,Not Active,Not Active,0,125,158,158,113,113,-3,-2,-16,-2,2,-7,-3,-11,-8,0,0,0,140,0.0792651,0,0,0,81,0,0,0,Not Active,Not Active,Not Active,0,0,0,1,8,173,147,Not Active,Not Active,Not Active,Not Active,Not Active,Not Active,Not Active,0,GPS,12,60,0,51.4188255,-2.583107833,1/17/2023,12:15:25,0,0,,,
61,18,122164,UK,33kHz (32768Hz),Active,Peak,None,Internal,Not updated,0,Off,0,OFF,0,Li-Ion,0,Standby,50Hz,Line,Null,Metric,0,on,off,on,off,on,off,off,on,UNK,Power Transmission,MKP5,0,0,3,021cd537-8254-49e7-b560-d1f7917443fb,5,4,4,13,11,9,7,10,11,9,14,11,13,10,8,12,9,7,6,5,6,7,6,5,4,0,No arrows,No arrows,0,No arrows,No arrows,0,No arrows,No arrows,0,No arrows,No arrows,0,No arrows,No arrows,91,94,80,101,96,Not Active,Not Active,Not Active,Not Active,Not Active,Not Active,Not Active,0,Not Active,Not Active,Not Active,Not Active,Not Active,Not Active,Not Active,0,Not Active,Not Active,Not Active,Not Active,Not Active,Not Active,Not Active,0,Not Active,Not Active,Not Active,Not Active,Not Active,Not Active,Not Active,0,Not Active,Not Active,Not Active,Not Active,Not Active,Not Active,Not Active,0,99,106,106,134,134,-1,-4,-9,-7,8,-8,-2,-16,-11,-1,0,0,140,0.0478627,0,0,0,96,0,0,0,Not Active,Not Active,Not Active,0,0,0,1,8,173,147,Not Active,Not Active,Not Active,Not Active,Not Active,Not Active,Not Active,0,GPS,12,60,0,51.41881433,-2.583099667,1/17/2023,12:15:26,0,0,,,
62,18,122165,UK,33kHz (32768Hz),Active,Peak,None,Internal,Not updated,0,Off,0,OFF,0,Li-Ion,0,Standby,50Hz,Line,Null,Metric,0,on,off,on,off,on,off,off,on,UNK,Power Transmission,MKP5,0,0,3,021cd537-8254-49e7-b560-d1f7917443fb,4,4,3,10,12,10,8,6,7,6,5,6,5,4,3,4,3,2,2,1,1,1,1,1,0,0,No arrows,No arrows,0,No arrows,No arrows,0,No arrows,No arrows,0,No arrows,No arrows,0,No arrows,No arrows,104,84,81,82,93,Not Active,Not Active,Not Active,Not Active,Not Active,Not Active,Not Active,0,Not Active,Not Active,Not Active,Not Active,Not Active,Not Active,Not Active,0,Not Active,Not Active,Not Active,Not Active,Not Active,Not Active,Not Active,0,Not Active,Not Active,Not Active,Not Active,Not Active,Not Active,Not Active,0,Not Active,Not Active,Not Active,Not Active,Not Active,Not Active,Not Active,0,71,88,88,59,59,-3,-3,-10,-9,4,-5,0,-11,-10,-2,0,0,140,0.00517655,0,0,0,93,0,0,0,Not Active,Not Active,Not Active,0,0,0,1,8,173,147,Not Active,Not Active,Not Active,Not Active,Not Active,Not Active,Not Active,0,GPS,12,60,0,51.41880433,-2.5830905,1/17/2023,12:15:27,0,0,,,
63,18,122166,UK,33kHz (32768Hz),Active,Peak,None,Internal,Not updated,0,Off,0,OFF,0,Li-Ion,0,Standby,50Hz,Line,Null,Metric,0,on,off,on,off,on,off,off,on,UNK,Power Transmission,MKP5,0,0,3,021cd537-8254-49e7-b560-d1f7917443fb,0,0,4,11,10,8,6,20,19,17,16,13,10,8,8,6,13,10,12,17,14,11,9,7,6,0,No arrows,No arrows,0,No arrows,No arrows,0,No arrows,No arrows,0,No arrows,No arrows,0,No arrows,No arrows,101,80,82,72,90,Not Active,Not Active,Not Active,Not Active,Not Active,Not Active,Not Active,0,Not Active,Not Active,Not Active,Not Active,Not Active,Not Active,Not Active,0,Not Active,Not Active,Not Active,Not Active,Not Active,Not Active,Not Active,0,Not Active,Not Active,Not Active,Not Active,Not Active,Not Active,Not Active,0,Not Active,Not Active,Not Active,Not Active,Not Active,Not Active,Not Active,0,14,99,99,147,147,-6,-13,-3,-2,11,-4,-5,-12,-9,-2,0,0,140,0.124272,0,0,0,90,0,0,0,Not Active,Not Active,Not Active,0,0,0,1,8,173,147,Not Active,Not Active,Not Active,Not Active,Not Active,Not Active,Not Active,0,GPS,12,60,0,51.41879317,-2.58308,1/17/2023,12:15:28,0,0,,,
64,18,122167,UK,33kHz (32768Hz),Active,Peak,None,Internal,Not updated,0,Off,0,OFF,0,Li-Ion,0,Standby,50Hz,Line,Null,Metric,0,on,off,on,off,on,off,off,on,UNK,Power Transmission,MKP5,0,0,3,021cd537-8254-49e7-b560-d1f7917443fb,14,12,9,7,6,8,9,7,5,4,15,13,14,17,22,17,15,12,10,8,11,9,7,6,11,0,No arrows,No arrows,0,No arrows,No arrows,0,No arrows,No arrows,0,No arrows,No arrows,0,No arrows,No arrows,92,94,69,75,73,Not Active,Not Active,Not Active,Not Active,Not Active,Not Active,Not Active,0,Not Active,Not Active,Not Active,Not Active,Not Active,Not Active,Not Active,0,Not Active,Not Active,Not Active,Not Active,Not Active,Not Active,Not Active,0,Not Active,Not Active,Not Active,Not Active,Not Active,Not Active,Not Active,0,Not Active,Not Active,Not Active,Not Active,Not Active,Not Active,Not Active,0,139,112,112,174,174,-1,-6,-7,0,10,-10,-6,-17,-7,-7,0,0,140,0.13476,0,0,0,73,0,0,0,Not Active,Not Active,Not Active,0,0,0,1,8,173,147,Not Active,Not Active,Not Active,Not Active,Not Active,Not Active,Not Active,0,GPS,12,60,0,51.41878183,-2.583069,1/17/2023,12:15:29,0,0,,,
65,18,122168,UK,33kHz (32768Hz),Active,Peak,None,Internal,Not updated,0,Off,0,OFF,0,Li-Ion,0,Standby,50Hz,Line,Null,Metric,0,on,off,on,off,on,off,off,on,UNK,Power Transmission,MKP5,0,0,3,021cd537-8254-49e7-b560-d1f7917443fb,9,7,7,7,5,9,7,6,5,4,5,4,3,10,8,6,5,4,12,10,8,14,11,16,16,0,No arrows,No arrows,0,No arrows,No arrows,0,No arrows,No arrows,0,No arrows,No arrows,0,No arrows,No arrows,85,93,97,94,88,Not Active,Not Active,Not Active,Not Active,Not Active,Not Active,Not Active,0,Not Active,Not Active,Not Active,Not Active,Not Active,Not Active,Not Active,0,Not Active,Not Active,Not Active,Not Active,Not Active,Not Active,Not Active,0,Not Active,Not Active,Not Active,Not Active,Not Active,Not Active,Not Active,0,Not Active,Not Active,Not Active,Not Active,Not Active,Not Active,Not Active,0,118,86,86,73,133,-17,-12,0,1,-10,-14,-4,-10,-10,-12,0,0,140,0.191612,0,0,0,88,0,0,0,Not Active,Not Active,Not Active,0,0,0,1,8,173,147,Not Active,Not Active,Not Active,Not Active,Not Active,Not Active,Not Active,0,GPS,12,60,0,51.4187725,-2.5830595,1/17/2023,12:15:30,0,0,,,
66,18,122169,UK,33kHz (32768Hz),Active,Peak,None,Internal,Not updated,0,Off,0,OFF,0,Li-Ion,0,Standby,50Hz,Line,Null,Metric,0,on,off,on,off,on,off,off,on,UNK,Power Transmission,MKP5,0,0,3,021cd537-8254-49e7-b560-d1f7917443fb,13,10,11,9,7,5,6,5,11,9,7,6,7,5,8,9,8,7,5,4,5,6,4,4,5,0,No arrows,No arrows,0,No arrows,No arrows,0,No arrows,No arrows,0,No arrows,No arrows,0,No arrows,No arrows,91,87,95,75,48,Not Active,Not Active,Not Active,Not Active,Not Active,Not Active,Not Active,0,Not Active,Not Active,Not Active,Not Active,Not Active,Not Active,Not Active,0,Not Active,Not Active,Not Active,Not Active,Not Active,Not Active,Not Active,0,Not Active,Not Active,Not Active,Not Active,Not Active,Not Active,Not Active,0,Not Active,Not Active,Not Active,Not Active,Not Active,Not Active,Not Active,0,133,107,107,93,68,-11,-9,-12,-5,-9,-30,2,-5,-9,-17,0,0,140,0.0575773,0,0,0,48,0,0,0,Not Active,Not Active,Not Active,0,0,0,1,8,173,147,Not Active,Not Active,Not Active,Not Active,Not Active,Not Active,Not Active,0,GPS,12,60,0,51.41876533,-2.583052833,1/17/2023,12:15:31,0,0,,,
67,18,122170,UK,33kHz (32768Hz),Active,Peak,None,Internal,Not updated,0,Off,0,OFF,0,Li-Ion,0,Standby,50Hz,Line,Null,Metric,0,on,off,on,off,on,off,off,on,UNK,Power Transmission,MKP5,0,0,3,021cd537-8254-49e7-b560-d1f7917443fb,4,3,5,4,3,3,2,2,2,7,14,20,16,12,10,9,13,10,17,14,11,10,8,17,13,0,No arrows,No arrows,0,No arrows,No arrows,0,No arrows,No arrows,0,No arrows,No arrows,0,No arrows,No arrows,86,75,64,76,62,Not Active,Not Active,Not Active,Not Active,Not Active,Not Active,Not Active,0,Not Active,Not Active,Not Active,Not Active,Not Active,Not Active,Not Active,0,Not Active,Not Active,Not Active,Not Active,Not Active,Not Active,Not Active,0,Not Active,Not Active,Not Active,Not Active,Not Active,Not Active,Not Active,0,Not Active,Not Active,Not Active,Not Active,Not Active,Not Active,Not Active,0,68,42,42,142,153,-10,-8,-11,-8,-10,-19,-4,-16,-15,-16,0,0,140,0.160173,0,0,0,62,0,0,0,Not Active,Not Active,Not Active,0,0,0,1,8,173,147,Not Active,Not Active,Not Active,Not Active,Not Active,Not Active,Not Active,0,GPS,12,60,0,51.41875967,-2.583049333,1/17/2023,12:15:32,0,0,,,
68,18,122171,UK,33kHz (32768Hz),Active,Peak,None,Internal,Not updated,0,Off,0,OFF,0,Li-Ion,0,Standby,50Hz,Line,Null,Metric,0,on,off,on,off,on,off,off,on,UNK,Power Transmission,MKP5,0,0,3,021cd537-8254-49e7-b560-d1f7917443fb,10,8,7,6,7,6,9,7,6,15,13,10,8,6,5,10,10,7,6,5,4,5,4,3,4,0,No arrows,No arrows,0,No arrows,No arrows,0,No arrows,No arrows,0,No arrows,No arrows,0,No arrows,No arrows,55,75,80,95,114,Not Active,Not Active,Not Active,Not Active,Not Active,Not Active,Not Active,0,Not Active,Not Active,Not Active,Not Active,Not Active,Not Active,Not Active,0,Not Active,Not Active,Not Active,Not Active,Not Active,Not Active,Not Active,0,Not Active,Not Active,Not Active,Not Active,Not Active,Not Active,Not Active,0,Not Active,Not Active,Not Active,Not Active,Not Active,Not Active,Not Active,0,153,102,102,111,69,-8,1,4,-5,6,-17,0,-11,-12,-10,0,0,140,0.0462851,0,0,0,114,0,0,0,Not Active,Not Active,Not Active,0,0,0,1,8,173,147,Not Active,Not Active,Not Active,Not Active,Not Active,Not Active,Not Active,0,GPS,12,59,0,51.41875317,-2.583046833,1/17/2023,12:15:33,0,0,,,
69,18,122172,UK,33kHz (32768Hz),Active,Peak,None,Internal,Not updated,0,Off,0,OFF,0,Li-Ion,0,Standby,50Hz,Line,Null,Metric,0,on,off,on,off,on,off,off,on,UNK,Power Transmission,MKP5,0,0,3,021cd537-8254-49e7-b560-d1f7917443fb,3,3,2,2,2,2,3,3,3,4,4,3,2,2,3,3,3,2,8,10,13,11,9,9,9,0,No arrows,No arrows,0,No arrows,No arrows,0,No arrows,No arrows,0,No arrows,No arrows,0,No arrows,No arrows,103,97,85,85,77,Not Active,Not Active,Not Active,Not Active,Not Active,Not Active,Not Active,0,Not Active,Not Active,Not Active,Not Active,Not Active,Not Active,Not Active,0,Not Active,Not Active,Not Active,Not Active,Not Active,Not Active,Not Active,0,Not Active,Not Active,Not Active,Not Active,Not Active,Not Active,Not Active,0,Not Active,Not Active,Not Active,Not Active,Not Active,Not Active,Not Active,0,69,35,35,38,98,4,13,1,-5,-5,3,-3,-20,-13,3,0,0,140,0.11979,0,0,0,77,0,0,0,Not Active,Not Active,Not Active,0,0,0,1,8,173,147,Not Active,Not Active,Not Active,Not Active,Not Active,Not Active,Not Active,0,GPS,12,60,0,51.4187465,-2.583041167,1/17/2023,12:15:34,0,0,,,
70,18,122173,UK,33kHz (32768Hz),Active,Peak,None,Internal,Not updated,0,Off,0,OFF,0,Li-Ion,0,Standby,50Hz,Line,Null,Metric,0,on,off,on,off,on,off,off,on,UNK,Power Transmission,MKP5,0,0,3,021cd537-8254-49e7-b560-d1f7917443fb,21,18,14,13,15,13,11,10,10,11,9,13,10,8,6,5,5,17,16,15,19,16,12,10,8,0,No arrows,No arrows,0,No arrows,No arrows,0,No arrows,No arrows,0,No arrows,No arrows,0,No arrows,No arrows,78,94,98,49,83,Not Active,Not Active,Not Active,Not Active,Not Active,Not Active,Not Active,0,Not Active,Not Active,Not Active,Not Active,Not Active,Not Active,Not Active,0,Not Active,Not Active,Not Active,Not Active,Not Active,Not Active,Not Active,0,Not Active,Not Active,Not Active,Not Active,Not Active,Not Active,Not Active,0,Not Active,Not Active,Not Active,Not Active,Not Active,Not Active,Not Active,0,98,179,179,125,165,5,-1,-1,-4,-6,-2,3,-12,-5,-3,0,0,140,0.0966306,0,0,0,83,0,0,0,Not Active,Not Active,Not Active,0,0,0,1,8,173,147,Not Active,Not Active,Not Active,Not Active,Not Active,Not Active,Not Active,0,GPS,12,60,0,51.4187415,-2.583034,1/17/2023,12:15:35,0,0,,,
71,18,122174,UK,33kHz (32768Hz),Active,Peak,None,Internal,Not updated,0,Off,0,OFF,0,Li-Ion,0,Standby,50Hz,Line,Null,Metric,0,on,off,on,off,on,off,off,on,UNK,Power Transmission,MKP5,0,0,3,021cd537-8254-49e7-b560-d1f7917443fb,9,12,10,8,8,6,14,13,12,11,9,7,13,17,14,11,9,9,7,6,6,6,5,5,5,0,No arrows,No arrows,0,No arrows,No arrows,0,No arrows,No arrows,0,No arrows,No arrows,0,No arrows,No arrows,92,96,92,106,103,Not Active,Not Active,Not Active,Not Active,Not Active,Not Active,Not Active,0,Not Active,Not Active,Not Active,Not Active,Not Active,Not Active,Not Active,0,Not Active,Not Active,Not Active,Not Active,Not Active,Not Active,Not Active,0,Not Active,Not Active,Not Active,Not Active,Not Active,Not Active,Not Active,0,Not Active,Not Active,Not Active,Not Active,Not Active,Not Active,Not Active,0,165,119,119,153,87,-1,3,2,-5,-5,-2,2,-2,13,-3,0,0,140,0.0540001,0,0,0,103,0,0,0,Not Active,Not Active,Not Active,0,0,0,1,8,173,147,Not Active,Not Active,Not Active,Not Active,Not Active,Not Active,Not Active,0,GPS,12,60,0,51.41873083,-2.583021667,1/17/2023,12:15:36,0,0,,,
72,18,122175,UK,33kHz (32768Hz),Active,Peak,None,Internal,Not updated,0,Off,0,OFF,0,Li-Ion,0,Standby,50Hz,Line,Null,Metric,0,on,off,on,off,on,off,off,on,UNK,Power Transmission,MKP5,0,0,3,021cd537-8254-49e7-b560-d1f7917443fb,4,10,22,20,16,12,11,8,11,10,9,7,5,4,3,16,17,13,11,10,23,18,14,11,18,0,No arrows,No arrows,0,No arrows,No arrows,0,No arrows,No arrows,0,No arrows,No arrows,0,No arrows,No arrows,118,85,97,83,71,Not Active,Not Active,Not Active,Not Active,Not Active,Not Active,Not Active,0,Not Active,Not Active,Not Active,Not Active,Not Active,Not Active,Not Active,0,Not Active,Not Active,Not Active,Not Active,Not Active,Not Active,Not Active,0,Not Active,Not Active,Not Active,Not Active,Not Active,Not Active,Not Active,0,Not Active,Not Active,Not Active,Not Active,Not Active,Not Active,Not Active,0,87,148,148,89,188,-4,13,0,-3,-10,-3,-3,-18,-7,-15,0,0,140,0.220769,0,0,0,71,0,0,0,Not Active,Not Active,Not Active,0,0,0,1,8,173,147,Not Active,Not Active,Not Active,Not Active,Not Active,Not Active,Not Active,0,GPS,12,60,0,51.418722,-2.5830115,1/17/2023,12:15:37,0,0,,,
73,18,122176,UK,33kHz (32768Hz),Active,Peak,None,Internal,Not updated,0,Off,0,OFF,0,Li-Ion,0,Standby,50Hz,Line,Null,Metric,0,on,off,on,off,on,off,off,on,UNK,Power Transmission,MKP5,0,0,3,021cd537-8254-49e7-b560-d1f7917443fb,15,12,12,11,9,7,6,5,7,9,8,6,5,11,11,12,10,8,9,7,6,27,24,19,15,0,No arrows,No arrows,0,No arrows,No arrows,0,No arrows,No arrows,0,No arrows,No arrows,0,No arrows,No arrows,76,87,95,98,79,Not Active,Not Active,Not Active,Not Active,Not Active,Not Active,Not Active,0,Not Active,Not Active,Not Active,Not Active,Not Active,Not Active,Not Active,0,Not Active,Not Active,Not Active,Not Active,Not Active,Not Active,Not Active,0,Not Active,Not Active,Not Active,Not Active,Not Active,Not Active,Not Active,0,Not Active,Not Active,Not Active,Not Active,Not Active,Not Active,Not Active,0,188,144,144,98,166,-2,-5,2,2,-8,-5,4,-13,-8,-17,0,0,140,0.18313,0,0,0,79,0,0,0,Not Active,Not Active,Not Active,0,0,0,1,8,173,147,Not Active,Not Active,Not Active,Not Active,Not Active,Not Active,Not Active,0,GPS,12,60,0,51.41871233,-2.583003,1/17/2023,12:15:38,0,0,,,
74,18,122177,UK,33kHz (32768Hz),Active,Peak,None,Internal,Not updated,0,Off,0,OFF,0,Li-Ion,0,Standby,50Hz,Line,Null,Metric,0,on,off,on,off,on,off,off,on,UNK,Power Transmission,MKP5,0,0,3,021cd537-8254-49e7-b560-d1f7917443fb,14,20,17,13,10,12,10,13,10,8,7,5,5,7,7,6,10,10,8,7,6,21,20,19,15,0,No arrows,No arrows,0,No arrows,No arrows,0,No arrows,No arrows,0,No arrows,No arrows,0,No arrows,No arrows,88,89,104,98,110,Not Active,Not Active,Not Active,Not Active,Not Active,Not Active,Not Active,0,Not Active,Not Active,Not Active,Not Active,Not Active,Not Active,Not Active,0,Not Active,Not Active,Not Active,Not Active,Not Active,Not Active,Not Active,0,Not Active,Not Active,Not Active,Not Active,Not Active,Not Active,Not Active,0,Not Active,Not Active,Not Active,Not Active,Not Active,Not Active,Not Active,0,166,183,183,101,137,0,4,0,7,-2,-12,-2,-10,5,-13,0,0,140,0.176765,0,0,0,110,0,0,0,Not Active,Not Active,Not Active,0,0,0,1,8,173,147,Not Active,Not Active,Not Active,Not Active,Not Active,Not Active,Not Active,0,GPS,12,60,0,51.41870333,-2.582992667,1/17/2023,12:15:39,0,0,,,
75,18,122178,UK,33kHz (32768Hz),Active,Peak,None,Internal,Not updated,0,Off,0,OFF,0,Li-Ion,0,Standby,50Hz,Line,Null,Metric,0,on,off,on,off,on,off,off,on,UNK,Power Transmission,MKP5,0,0,3,021cd537-8254-49e7-b560-d1f7917443fb,12,9,9,12,9,10,8,7,6,5,9,8,11,12,12,10,11,11,10,12,9,9,7,6,8,0,No arrows,No arrows,0,No arrows,No arrows,0,No arrows,No arrows,0,No arrows,No arrows,0,No arrows,No arrows,87,81,75,68,80,Not Active,Not Active,Not Active,Not Active,Not Active,Not Active,Not Active,0,Not Active,Not Active,Not Active,Not Active,Not Active,Not Active,Not Active,0,Not Active,Not Active,Not Active,Not Active,Not Active,Not Active,Not Active,0,Not Active,Not Active,Not Active,Not Active,Not Active,Not Active,Not Active,0,Not Active,Not Active,Not Active,Not Active,Not Active,Not Active,Not Active,0,137,146,107,107,129,1,2,0,4,-5,-6,-3,-11,5,-7,0,0,140,0.103158,0,0,0,80,0,0,0,Not Active,Not Active,Not Active,0,0,0,1,8,173,147,Not Active,Not Active,Not Active,Not Active,Not Active,Not Active,Not Active,0,GPS,12,62,0,51.41869417,-2.582981833,1/17/2023,12:15:40,0,0,,,
76,18,122179,UK,33kHz (32768Hz),Active,Peak,None,Internal,Not updated,0,Off,0,OFF,0,Li-Ion,0,Standby,50Hz,Line,Null,Metric,0,on,off,on,off,on,off,off,on,UNK,Power Transmission,MKP5,0,0,3,021cd537-8254-49e7-b560-d1f7917443fb,10,9,12,11,17,15,15,13,11,12,11,11,9,7,6,5,4,3,2,4,4,4,12,12,10,0,No arrows,No arrows,0,No arrows,No arrows,0,No arrows,No arrows,0,No arrows,No arrows,0,No arrows,No arrows,96,71,79,80,89,Not Active,Not Active,Not Active,Not Active,Not Active,Not Active,Not Active,0,Not Active,Not Active,Not Active,Not Active,Not Active,Not Active,Not Active,0,Not Active,Not Active,Not Active,Not Active,Not Active,Not Active,Not Active,0,Not Active,Not Active,Not Active,Not Active,Not Active,Not Active,Not Active,0,Not Active,Not Active,Not Active,Not Active,Not Active,Not Active,Not Active,0,129,145,137,137,58,-4,2,2,-1,-12,-3,-7,-10,-1,-14,0,0,140,0.125812,0,0,0,89,0,0,0,Not Active,Not Active,Not Active,0,0,0,1,8,173,147,Not Active,Not Active,Not Active,Not Active,Not Active,Not Active,Not Active,0,GPS,12,62,0,51.41868783,-2.582974167,1/17/2023,12:15:41,0,0,,,
77,18,122180,UK,33kHz (32768Hz),Active,Peak,None,Internal,Not updated,0,Off,0,OFF,0,Li-Ion,0,Standby,50Hz,Line,Null,Metric,0,on,off,on,off,on,off,off,on,UNK,Power Transmission,MKP5,0,0,3,021cd537-8254-49e7-b560-d1f7917443fb,8,7,7,14,11,14,12,10,10,11,14,12,10,14,13,11,10,9,9,7,8,7,6,6,17,0,No arrows,No arrows,0,No arrows,No arrows,0,No arrows,No arrows,0,No arrows,No arrows,0,No arrows,No arrows,82,101,91,103,100,Not Active,Not Active,Not Active,Not Active,Not Active,Not Active,Not Active,0,Not Active,Not Active,Not Active,Not Active,Not Active,Not Active,Not Active,0,Not Active,Not Active,Not Active,Not Active,Not Active,Not Active,Not Active,0,Not Active,Not Active,Not Active,Not Active,Not Active,Not Active,Not Active,0,Not Active,Not Active,Not Active,Not Active,Not Active,Not Active,Not Active,0,58,133,147,147,112,2,-8,0,-8,2,-9,-2,-9,-4,10,0,0,140,0.225682,0,0,0,100,0,0,0,Not Active,Not Active,Not Active,0,0,64,1,8,173,147,Not Active,Not Active,Not Active,Not Active,Not Active,Not Active,Not Active,0,GPS,12,63,0,51.4186825,-2.5829625,1/17/2023,12:15:42,0,0,,,
78,,,,,,,,,,,,,,,,,,,,,,,,,,,,,,,,,,,,,,,,,,,,,,,,,,,,,,,,,,,,,,,,,,,,,,,,,,,,,,,,,,,,,,,,,,,,,,,,,,,,,,,,,,,,,,,,,,,,,,,,,,,,,,,,,,,,,,,,,,,,,,,,,,,,,,,,,,,,,,,,,,,,,,,,,,,,,,,,,,,
79,,,,,,,,,,,,,,,,,,,,,,,,,,,,,,,,,,,,,,,,,,,,,,,,,,,,,,,,,,,,,,,,,,,,,,,,,,,,,,,,,,,,,,,,,,,,,,,,,,,,,,,,,,,,,,,,,,,,,,,,,,,,,,,,,,,,,,,,,,,,,,,,,,,,,,,,,,,,,,,,,,,,,,,,,,,,,,,,,,,
80,,,,,,,,,,,,,,,,,,,,,,,,,,,,,,,,,,,,,,,,,,,,,,,,,,,,,,,,,,,,,,,,,,,,,,,,,,,,,,,,,,,,,,,,,,,,,,,,,,,,,,,,,,,,,,,,,,,,,,,,,,,,,,,,,,,,,,,,,,,,,,,,,,,,,,,,,,,,,,,,,,,,,,,,,,,,,,,,,,,
81,,,,,,,,,,,,,,,,,,,,,,,,,,,,,,,,,,,,,,,,,,,,,,,,,,,,,,,,,,,,,,,,,,,,,,,,,,,,,,,,,,,,,,,,,,,,,,,,,,,,,,,,,,,,,,,,,,,,,,,,,,,,,,,,,,,,,,,,,,,,,,,,,,,,,,,,,,,,,,,,,,,,,,,,,,,,,,,,,,,
82,,,,,,,,,,,,,,,,,,,,,,,,,,,,,,,,,,,,,,,,,,,,,,,,,,,,,,,,,,,,,,,,,,,,,,,,,,,,,,,,,,,,,,,,,,,,,,,,,,,,,,,,,,,,,,,,,,,,,,,,,,,,,,,,,,,,,,,,,,,,,,,,,,,,,,,,,,,,,,,,,,,,,,,,,,,,,,,,,,,
